/*
-- Query: SELECT * FROM dev_xn_ylq.tstd_account
LIMIT 0, 5000

-- Date: 2018-12-01 22:57
*/
INSERT INTO `tstd_account` (`account_number`,`user_id`,`currency`,`type`,`status`,`amount`,`total_amount`,`frozen_amount`,`md5`,`in_amount`,`out_amount`,`create_datetime`,`last_order`,`company_code`) VALUES ('SYS_ACOUNT_CNY','SYS_USER','CNY','P','0',0,0,0,'1ba245694da3be377557937c0ffd1b62',0,0,'2018-10-05 15:30:35',NULL,NULL);
INSERT INTO `tstd_account` (`account_number`,`user_id`,`currency`,`type`,`status`,`amount`,`total_amount`,`frozen_amount`,`md5`,`in_amount`,`out_amount`,`create_datetime`,`last_order`,`company_code`) VALUES ('SYS_ACOUNT_OFFLINE','SYS_USER','CNY','P','0',0,0,0,'1ba245694da3be377557937c0ffd1b62',0,0,'2018-10-05 15:30:35',NULL,NULL);

/*
-- Query: SELECT type,ckey,cvalue,updater,update_datetime,remark,company_code FROM dev_xn_ylq.tsys_config where company_code="CD-YLQ000014"
LIMIT 0, 5000

-- Date: 2018-12-01 22:51
*/
INSERT INTO `tsys_config` (`type`,`ckey`,`cvalue`,`updater`,`update_datetime`,`remark`,`company_code`) VALUES ('qiniu','qiniu_access_key','Dc0pMP8ImFm78-uk4iGsOPpB2-vHc64D07OsOQVi','admin','2018-11-19 01:55:09','七牛云key1','CD-YLQ000014');
INSERT INTO `tsys_config` (`type`,`ckey`,`cvalue`,`updater`,`update_datetime`,`remark`,`company_code`) VALUES ('qiniu','qiniu_secret_key','3NP-tpZP9-5fH-R-FhvKTfYpPPVFNvjFF3JXmrcq','admin','2018-11-19 01:55:09','七牛云key1','CD-YLQ000014');
INSERT INTO `tsys_config` (`type`,`ckey`,`cvalue`,`updater`,`update_datetime`,`remark`,`company_code`) VALUES ('qiniu','qiniu_bucket','shuanglong','admin','2018-11-19 01:55:09','存储空间','CD-YLQ000014');
INSERT INTO `tsys_config` (`type`,`ckey`,`cvalue`,`updater`,`update_datetime`,`remark`,`company_code`) VALUES ('qiniu','qiniu_domain','pihh877nu.bkt.clouddn.com','UCOIN201700000000000001','2018-11-27 17:59:12','访问域名','CD-YLQ000014');
INSERT INTO `tsys_config` (`type`,`ckey`,`cvalue`,`updater`,`update_datetime`,`remark`,`company_code`) VALUES ('ios-c','note','v121版本更新说明','admin','2017-10-16 15:52:19','更新说明','CD-YLQ000014');
INSERT INTO `tsys_config` (`type`,`ckey`,`cvalue`,`updater`,`update_datetime`,`remark`,`company_code`) VALUES ('richText','repayOfflineAccount','<p><font color=\"#ff0000\" size=\"1\">暂不支持线下打款</font></p><p><br></p>','admin','2017-10-16 15:52:19','线下打款账号','CD-YLQ000014');
INSERT INTO `tsys_config` (`type`,`ckey`,`cvalue`,`updater`,`update_datetime`,`remark`,`company_code`) VALUES ('text','couponRule','您目前没有可用的优惠券，您可以通过以下途径获取：\r\n1、邀请好友注册并成功借款 2、借还成功2次','admin','2017-10-16 15:52:19','优惠券规则','CD-YLQ000014');
INSERT INTO `tsys_config` (`type`,`ckey`,`cvalue`,`updater`,`update_datetime`,`remark`,`company_code`) VALUES ('text','activityRule','1、邀请好友注册并成功借款，送30元优惠券\r\n2、借款成功两次，送40元优惠券','admin','2017-10-16 15:52:19','活动规则','CD-YLQ000014');
INSERT INTO `tsys_config` (`type`,`ckey`,`cvalue`,`updater`,`update_datetime`,`remark`,`company_code`) VALUES ('text','time','09:30:00 - 20:00:00','admin','2017-10-16 15:52:19','服务时间','CD-YLQ000014');
INSERT INTO `tsys_config` (`type`,`ckey`,`cvalue`,`updater`,`update_datetime`,`remark`,`company_code`) VALUES ('text','telephone','400-926-0004','admin','2017-10-16 15:52:19','服务电话','CD-YLQ000014');
INSERT INTO `tsys_config` (`type`,`ckey`,`cvalue`,`updater`,`update_datetime`,`remark`,`company_code`) VALUES ('config','domainUrl','http://m.ylq.hichengdai.com','admin','2017-10-16 15:52:19','推荐注册链接','CD-YLQ000014');
INSERT INTO `tsys_config` (`type`,`ckey`,`cvalue`,`updater`,`update_datetime`,`remark`,`company_code`) VALUES ('config','androidShowFlag','1','admin','2017-10-16 15:52:19','安卓展示标识','CD-YLQ000014');
INSERT INTO `tsys_config` (`type`,`ckey`,`cvalue`,`updater`,`update_datetime`,`remark`,`company_code`) VALUES ('config','iosShowFlag','1','admin','2017-10-16 15:52:19','苹果展示标识','CD-YLQ000014');
INSERT INTO `tsys_config` (`type`,`ckey`,`cvalue`,`updater`,`update_datetime`,`remark`,`company_code`) VALUES ('android-c','version','1.2.2','admin','2017-10-16 15:52:19','最新版本号','CD-YLQ000014');
INSERT INTO `tsys_config` (`type`,`ckey`,`cvalue`,`updater`,`update_datetime`,`remark`,`company_code`) VALUES ('android-c','forceUpdate','0','UCOIN201700000000000001','2018-11-30 17:00:52','是否强制更新','CD-YLQ000014');
INSERT INTO `tsys_config` (`type`,`ckey`,`cvalue`,`updater`,`update_datetime`,`remark`,`company_code`) VALUES ('android-c','note','v121版本更新说明','admin','2017-10-16 15:52:19','更新说明','CD-YLQ000014');
INSERT INTO `tsys_config` (`type`,`ckey`,`cvalue`,`updater`,`update_datetime`,`remark`,`company_code`) VALUES ('android-c','downloadUrl','http://116.62.193.233:5309/ylq_release.apk','UCOIN201700000000000001','2018-11-27 16:26:42','Android下载地址','CD-YLQ000014');
INSERT INTO `tsys_config` (`type`,`ckey`,`cvalue`,`updater`,`update_datetime`,`remark`,`company_code`) VALUES ('ios-c','version','1.2.2','admin','2017-10-16 15:52:19','最新版本号','CD-YLQ000014');
INSERT INTO `tsys_config` (`type`,`ckey`,`cvalue`,`updater`,`update_datetime`,`remark`,`company_code`) VALUES ('ios-c','forceUpdate','0','admin','2017-10-16 15:52:19','是否强制更新','CD-YLQ000014');
INSERT INTO `tsys_config` (`type`,`ckey`,`cvalue`,`updater`,`update_datetime`,`remark`,`company_code`) VALUES ('ios-c','downloadUrl','http://m.yiliangqian.com/share/share-qrcord.html','admin','2017-10-16 15:52:19','iOS下载地址','CD-YLQ000014');
INSERT INTO `tsys_config` (`type`,`ckey`,`cvalue`,`updater`,`update_datetime`,`remark`,`company_code`) VALUES ('ios-c','copyright','Copyright ©福建省大田县鑫盛小额贷款有限公司','UCOIN201700000000000001','2018-11-27 18:22:20','版权所属','CD-YLQ000014');
INSERT INTO `tsys_config` (`type`,`ckey`,`cvalue`,`updater`,`update_datetime`,`remark`,`company_code`) VALUES ('1','identifyValidDays','180','admin','2017-10-16 15:55:37','身份认证有效天数','CD-YLQ000014');
INSERT INTO `tsys_config` (`type`,`ckey`,`cvalue`,`updater`,`update_datetime`,`remark`,`company_code`) VALUES ('1','personalValidDays','180','admin','2017-10-16 15:55:37','个人信息认证有效天数','CD-YLQ000014');
INSERT INTO `tsys_config` (`type`,`ckey`,`cvalue`,`updater`,`update_datetime`,`remark`,`company_code`) VALUES ('1','alipayValidDays','180','admin','2017-10-16 15:55:37','支付宝认证有效天数','CD-YLQ000014');
INSERT INTO `tsys_config` (`type`,`ckey`,`cvalue`,`updater`,`update_datetime`,`remark`,`company_code`) VALUES ('1','carrierValidDays','30','admin','2017-10-16 15:55:37','运营商认证有效天数','CD-YLQ000014');
INSERT INTO `tsys_config` (`type`,`ckey`,`cvalue`,`updater`,`update_datetime`,`remark`,`company_code`) VALUES ('1','addressBookValidDays','7','admin','2017-10-16 15:55:37','通讯录认证有效天数','CD-YLQ000014');
INSERT INTO `tsys_config` (`type`,`ckey`,`cvalue`,`updater`,`update_datetime`,`remark`,`company_code`) VALUES ('1','tongdunPreLoanValidDays','10','admin','2017-10-16 15:55:37','同盾贷前审核报告有效天数','CD-YLQ000014');
INSERT INTO `tsys_config` (`type`,`ckey`,`cvalue`,`updater`,`update_datetime`,`remark`,`company_code`) VALUES ('1','amountValidDays','15','admin','2017-10-16 15:55:37','额度有效天数','CD-YLQ000014');
INSERT INTO `tsys_config` (`type`,`ckey`,`cvalue`,`updater`,`update_datetime`,`remark`,`company_code`) VALUES ('1','renewalStep','7','admin','2017-10-16 15:55:37','续期步长','CD-YLQ000014');
INSERT INTO `tsys_config` (`type`,`ckey`,`cvalue`,`updater`,`update_datetime`,`remark`,`company_code`) VALUES ('1','renewalLimit','5','admin','2017-10-16 15:55:37','最大续期次数','CD-YLQ000014');
INSERT INTO `tsys_config` (`type`,`ckey`,`cvalue`,`updater`,`update_datetime`,`remark`,`company_code`) VALUES ('1','yqlxFdRate','0.5','admin','2017-10-16 15:55:37','逾期利息封顶（本金乘以该数值）','CD-YLQ000014');
INSERT INTO `tsys_config` (`type`,`ckey`,`cvalue`,`updater`,`update_datetime`,`remark`,`company_code`) VALUES ('2','smsCuishou','先生/女士，您好，请通知%s（%s），其在【%s】的欠款已严重逾期。若%s不能及时处理，产生的责任和影响由其本人承担！打扰之处敬请谅解。','admin','2017-10-16 15:55:37','催收短信模板','CD-YLQ000014');
INSERT INTO `tsys_config` (`type`,`ckey`,`cvalue`,`updater`,`update_datetime`,`remark`,`company_code`) VALUES ('2','mxCarrierUrl','https://api.51datakey.com/carrier/v3/mobiles/%s/mxreport?task_is=%s','admin','2017-10-16 15:55:37','魔蝎运营商URL','CD-YLQ000014');
INSERT INTO `tsys_config` (`type`,`ckey`,`cvalue`,`updater`,`update_datetime`,`remark`,`company_code`) VALUES ('2','mxAlipayUrl','https://api.51datakey.com/gateway/alipay/v4/report/%s','admin','2017-10-16 15:55:37','魔蝎支付宝URL','CD-YLQ000014');
INSERT INTO `tsys_config` (`type`,`ckey`,`cvalue`,`updater`,`update_datetime`,`remark`,`company_code`) VALUES ('2','mxDuotouUrl','https://api.51datakey.com/risk-gateway/api/gateway','admin','2017-10-16 15:55:37','魔蝎多头URL','CD-YLQ000014');
INSERT INTO `tsys_config` (`type`,`ckey`,`cvalue`,`updater`,`update_datetime`,`remark`,`company_code`) VALUES ('2','mxApiKey','079bae4e7fd041b9a1d986e16e75e3e5','admin','2017-10-16 15:55:37','魔蝎apiKey','CD-YLQ000014');
INSERT INTO `tsys_config` (`type`,`ckey`,`cvalue`,`updater`,`update_datetime`,`remark`,`company_code`) VALUES ('2','mxToken','53fdf4a17bde45e993b1bdc6c6c24b13','admin','2017-10-16 15:55:37','魔蝎token','CD-YLQ000014');
INSERT INTO `tsys_config` (`type`,`ckey`,`cvalue`,`updater`,`update_datetime`,`remark`,`company_code`) VALUES ('2','mxSecret','27c7e4bc518c48d095d9caf544771876','admin','2017-10-16 15:55:37','魔蝎secret','CD-YLQ000014');
INSERT INTO `tsys_config` (`type`,`ckey`,`cvalue`,`updater`,`update_datetime`,`remark`,`company_code`) VALUES ('2','mxAppId','53fdf4a17bde45e993b1bdc6c6c24b13','admin','2017-10-16 15:55:37','魔蝎appId','CD-YLQ000014');
INSERT INTO `tsys_config` (`type`,`ckey`,`cvalue`,`updater`,`update_datetime`,`remark`,`company_code`) VALUES ('2','mxPrivateKey','MIIEvgIBADANBgkqhkiG9w0BAQEFAASCBKgwggSkAgEAAoIBAQClC8EearYC/hIWPYnsT/nQQnN+8SQjnB/xOFjU9FcniNNjcPE6FvcSCLErpI0YhdhjGDYD+rDAict5afo1RST5H0bmN7ML1k879/Wv8/bcQg6ntOe+w/wEzPGiyHdrhn4O3S1pszuri2HMVjVUCv0gHV4amJO/qV/jeXf0pPOQ89TPqALID+pGL2EgRxct6wJQJNFeKqzl2HbPBYUtZ7LzlD/Vz0iYdZRf6gfqc7cH8jrM/sgcHvq12Rf/s0OpobXeoW5p/kmISXeFwq5ERl0ogndilOtvRLEMS3ljo8rmi6upA59WApBr16Hz4sTfOuyrEZGiKFbOPFclyHqGYVfjAgMBAAECggEAIOhOEg1+yuvzmUGd3WM40QBe3OGhrgP0DnmIpLUvJ2/Njhc30bhAfPUEtknx5ADT2zY5luOGGG2hB01NGQ/3RkCpNz/F0EdjtvZCo1mGT/ZPy7pzNoMHHcHrL+S+gs7nFXmeE2QsMpDw5/gMW/xw6dVRLQZc9ysDNmzCsSGueqkBNWP0OhoSgBgP8GDaAc3sWZYRGi9s/lPsNdT0kIJ4c+yxHMbHH6uThtPyMyNQqp+rucxMFXN9F9WuOf8O2q59hWoyyHLYMYzSw5Z6BJzN8TheRnFpDzpj6iExq/k8uUQq6H8ifzUlUx2L/DL4dxskxVSFHX/tUa1CtvuMX2HIUQKBgQDTs53Ik47MgSTjgzJW9zzjJxU2mGRdY+VprUvdaqvwbWOAhfZG09N/EI0y3p+8my97YU2ZR1EWM/GAOIAB/b/4bZYuK0mA7HaubM+RzTVhHXdq1YLaEROd87W84OA8JcoOJ/05DgAsIsrbqeWAzTtembWVyfaHEJy+CtYgkgkRmwKBgQDHlOVOIN4z2Ir9Vynm5MUoedPvewX6moTC2KBu+dLW1SkHENgWi7TjFuklEz450tg2ht1nJEZtbMolWfkSvFTu31Q+kSdhX8uR3IZ3Ic7uaDamTryy08Uko8J3n9bXaEixsI2AY8v+6iboTfecTuVTFq61ketsYZdwvgoW0Pq7WQKBgQCrhuDU3xnYgNrOrEJhTDk9IzGA5sCLGqGKmirZ39AoIbl5LRF6Ga9HSLXe/ZoXSvWR1ij1hF8iyjtmVGEDPAIK21/PUKthljYi5W7ZB5e0dBeJrC01Wpi2ZfxeaSXGFig8iBIX5Ewndpk+mc2mKqNr5sbF8rmYfdFB+a28/hXy+QKBgEP+/oC3wfx38iKN58C6gFFh8ErO5yKSMlkP5NjqVGLNDMVTf8tunZog3B29iJ26r98j45qYSUZOojBHjwxLDcS0YcdPPNN4B6sSLt23rwCakMPoX3GtpKTvBforgs6wwNOJCyyK051tuQO8THf8iTTdrXg+1q5+MVI/7MAJQuNBAoGBALrS0Ds3lwkc2qzROzoinjaOk1P2AB4E8rWUYGqIaTUiQ88VNt9VzFI0qp3DeQrAAi8mIHg+Hw2iAg2L8nV+55klPD/t/ALqWQo4kzX8+Xw+x7sYmInKPjxoqFqmGGl3BMzy5tqycF9Vey/J7xMz7Vb/l2QkVvMCB+AkcyXbZkK0','admin','2017-10-16 15:55:37','魔蝎多头私钥','CD-YLQ000014');
INSERT INTO `tsys_config` (`type`,`ckey`,`cvalue`,`updater`,`update_datetime`,`remark`,`company_code`) VALUES ('2','mxPublicKey','MIIBIjANBgkqhkiG9w0BAQEFAAOCAQ8AMIIBCgKCAQEApQvBHmq2Av4SFj2J7E/50EJzfvEkI5wf8ThY1PRXJ4jTY3DxOhb3EgixK6SNGIXYYxg2A/qwwInLeWn6NUUk+R9G5jezC9ZPO/f1r/P23EIOp7TnvsP8BMzxosh3a4Z+Dt0tabM7q4thzFY1VAr9IB1eGpiTv6lf43l39KTzkPPUz6gCyA/qRi9hIEcXLesCUCTRXiqs5dh2zwWFLWey85Q/1c9ImHWUX+oH6nO3B/I6zP7IHB76tdkX/7NDqaG13qFuaf5JiEl3hcKuREZdKIJ3YpTrb0SxDEt5Y6PK5ourqQOfVgKQa9eh8+LE3zrsqxGRoihWzjxXJch6hmFX4wIDAQAB','admin','2017-10-16 15:55:37','魔蝎多头公钥','CD-YLQ000014');
INSERT INTO `tsys_config` (`type`,`ckey`,`cvalue`,`updater`,`update_datetime`,`remark`,`company_code`) VALUES ('2','tdSubmitUrl','https://api.tongdun.cn/preloan/apply/v5','admin','2017-10-16 15:55:37','同盾贷前审核信息提交URL','CD-YLQ000014');
INSERT INTO `tsys_config` (`type`,`ckey`,`cvalue`,`updater`,`update_datetime`,`remark`,`company_code`) VALUES ('2','tdQueryUrl','https://api.tongdun.cn/preloan/report/v9','admin','2017-10-16 15:55:37','同盾贷前审核查询URL','CD-YLQ000014');
INSERT INTO `tsys_config` (`type`,`ckey`,`cvalue`,`updater`,`update_datetime`,`remark`,`company_code`) VALUES ('2','tdPartnerCode','jiuzhou','admin','2017-10-16 15:55:37','合作方标识','CD-YLQ000014');
INSERT INTO `tsys_config` (`type`,`ckey`,`cvalue`,`updater`,`update_datetime`,`remark`,`company_code`) VALUES ('2','tdPartnerKey','24ea744f66884640aa29b6a8823d34d4','admin','2017-10-16 15:55:37','合作方密钥','CD-YLQ000014');
INSERT INTO `tsys_config` (`type`,`ckey`,`cvalue`,`updater`,`update_datetime`,`remark`,`company_code`) VALUES ('2','tdPartnerApp','jiuzhou_and','admin','2017-10-16 15:55:37','应用名','CD-YLQ000014');
INSERT INTO `tsys_config` (`type`,`ckey`,`cvalue`,`updater`,`update_datetime`,`remark`,`company_code`) VALUES ('2','sjQueryUrl','https://api.shujumohe.com/octopus/report.task.query/v2','admin','2017-10-16 15:55:37','数聚磨合查询URL','CD-YLQ000014');
INSERT INTO `tsys_config` (`type`,`ckey`,`cvalue`,`updater`,`update_datetime`,`remark`,`company_code`) VALUES ('2','sjPartnerCode','jiuzhoubao_mohe','admin','2017-10-16 15:55:37','数聚磨合合作方标识','CD-YLQ000014');
INSERT INTO `tsys_config` (`type`,`ckey`,`cvalue`,`updater`,`update_datetime`,`remark`,`company_code`) VALUES ('2','sjPartnerKey','c23945efd22c4b2bb70a58abf9422246','admin','2017-10-16 15:55:37','数聚磨合合作方密钥','CD-YLQ000014');
INSERT INTO `tsys_config` (`type`,`ckey`,`cvalue`,`updater`,`update_datetime`,`remark`,`company_code`) VALUES ('2','jtdUrl','http://admincit.lianzi360.com','admin','2017-10-16 15:55:37','主机名称','CD-YLQ000014');
INSERT INTO `tsys_config` (`type`,`ckey`,`cvalue`,`updater`,`update_datetime`,`remark`,`company_code`) VALUES ('2','jtdOrg','huoke','admin','2017-10-16 15:55:37','企业客户账号名','CD-YLQ000014');
INSERT INTO `tsys_config` (`type`,`ckey`,`cvalue`,`updater`,`update_datetime`,`remark`,`company_code`) VALUES ('2','jtdSecret','043acd7552dba895a624ce838bff264c','admin','2017-10-16 15:55:37','客户秘钥','CD-YLQ000014');
INSERT INTO `tsys_config` (`type`,`ckey`,`cvalue`,`updater`,`update_datetime`,`remark`,`company_code`) VALUES ('4','fwRate','0.1965','admin','2017-10-16 15:55:37','服务利率','CD-YLQ000014');
INSERT INTO `tsys_config` (`type`,`ckey`,`cvalue`,`updater`,`update_datetime`,`remark`,`company_code`) VALUES ('WITH','USERMONTIMES','5','','2018-11-28 10:40:38','每月取现次数','CD-YLQ000014');
INSERT INTO `tsys_config` (`type`,`ckey`,`cvalue`,`updater`,`update_datetime`,`remark`,`company_code`) VALUES ('WITH','USERQXBS','5','','2018-11-28 10:40:38','取现金额倍数','CD-YLQ000014');
INSERT INTO `tsys_config` (`type`,`ckey`,`cvalue`,`updater`,`update_datetime`,`remark`,`company_code`) VALUES ('WITH','QXDBZDJE','50000','','2018-11-28 10:40:38','取现单笔最大金额','CD-YLQ000014');
INSERT INTO `tsys_config` (`type`,`ckey`,`cvalue`,`updater`,`update_datetime`,`remark`,`company_code`) VALUES ('WITH','USERQXFL','0.01','','2018-11-28 10:40:38','取现手续费率','CD-YLQ000014');
INSERT INTO `tsys_config` (`type`,`ckey`,`cvalue`,`updater`,`update_datetime`,`remark`,`company_code`) VALUES ('WITH','USERDZTS','10','UCOIN201700000000000001','2018-12-07 00:58:03','取现到账天数','CD-YLQ000014');
INSERT INTO `tsys_config` (`type`,`ckey`,`cvalue`,`updater`,`update_datetime`,`remark`,`company_code`) VALUES ('3','INFO_ZQZN','1.5','admin','2017-10-16 15:55:37','智趣智能活体识别单次认证费用','CD-YLQ000014');
INSERT INTO `tsys_config` (`type`,`ckey`,`cvalue`,`updater`,`update_datetime`,`remark`,`company_code`) VALUES ('3','INFO_ZHIFUBAO','1.5','admin','2017-10-16 15:55:37','支付宝单次认证费用','CD-YLQ000014');
INSERT INTO `tsys_config` (`type`,`ckey`,`cvalue`,`updater`,`update_datetime`,`remark`,`company_code`) VALUES ('3','INFO_CARRIER','1.5','admin','2017-10-16 15:55:37','运营商单次认证费用','CD-YLQ000014');
INSERT INTO `tsys_config` (`type`,`ckey`,`cvalue`,`updater`,`update_datetime`,`remark`,`company_code`) VALUES ('3','INFO_ADDRESS_BOOK','0','admin','2017-10-16 15:55:37','通讯录认证','CD-YLQ000014');
INSERT INTO `tsys_config` (`type`,`ckey`,`cvalue`,`updater`,`update_datetime`,`remark`,`company_code`) VALUES ('3','INFO_PERSONAL','0','admin','2017-10-16 15:55:37','基本信息认证','CD-YLQ000014');
INSERT INTO `tsys_config` (`type`,`ckey`,`cvalue`,`updater`,`update_datetime`,`remark`,`company_code`) VALUES ('OUTFEE','INFO_ZQZN','1.5','admin','2017-10-16 15:55:37','智趣智能活体识别接口费','CD-YLQ000014');
INSERT INTO `tsys_config` (`type`,`ckey`,`cvalue`,`updater`,`update_datetime`,`remark`,`company_code`) VALUES ('OUTFEE','INFO_ZHIFUBAO','1.5','admin','2017-10-16 15:55:37','支付宝认证接口费','CD-YLQ000014');
INSERT INTO `tsys_config` (`type`,`ckey`,`cvalue`,`updater`,`update_datetime`,`remark`,`company_code`) VALUES ('OUTFEE','INFO_CARRIER','1.5','admin','2017-10-16 15:55:37','运营商认证接口费','CD-YLQ000014');



/*
-- Query: SELECT type,parent_key,dkey,dvalue,updater,update_datetime,remark,company_code FROM dev_xn_ylq.tsys_dict where company_code="CD-YLQ000014"
LIMIT 0, 5000

-- Date: 2018-12-01 22:53
*/
INSERT INTO `tsys_dict` (`type`,`parent_key`,`dkey`,`dvalue`,`updater`,`update_datetime`,`remark`,`company_code`) VALUES ('0',NULL,'user_status','用户状态','admin','2018-11-21 12:15:17',NULL,'CD-YLQ000014');
INSERT INTO `tsys_dict` (`type`,`parent_key`,`dkey`,`dvalue`,`updater`,`update_datetime`,`remark`,`company_code`) VALUES ('1','user_status','0','正常','admin','2018-11-21 12:15:17',NULL,'CD-YLQ000014');
INSERT INTO `tsys_dict` (`type`,`parent_key`,`dkey`,`dvalue`,`updater`,`update_datetime`,`remark`,`company_code`) VALUES ('1','user_status','1','程序锁定','admin','2018-11-21 12:15:17',NULL,'CD-YLQ000014');
INSERT INTO `tsys_dict` (`type`,`parent_key`,`dkey`,`dvalue`,`updater`,`update_datetime`,`remark`,`company_code`) VALUES ('1','user_status','2','人工锁定','admin','2018-11-21 12:15:17',NULL,'CD-YLQ000014');
INSERT INTO `tsys_dict` (`type`,`parent_key`,`dkey`,`dvalue`,`updater`,`update_datetime`,`remark`,`company_code`) VALUES ('0',NULL,'mobile_modify_status','手机修改申请状态','admin','2018-11-21 12:15:17',NULL,'CD-YLQ000014');
INSERT INTO `tsys_dict` (`type`,`parent_key`,`dkey`,`dvalue`,`updater`,`update_datetime`,`remark`,`company_code`) VALUES ('1','mobile_modify_status','0','待审核','admin','2018-11-21 12:15:17',NULL,'CD-YLQ000014');
INSERT INTO `tsys_dict` (`type`,`parent_key`,`dkey`,`dvalue`,`updater`,`update_datetime`,`remark`,`company_code`) VALUES ('1','mobile_modify_status','1','审核通过','admin','2018-11-21 12:15:17',NULL,'CD-YLQ000014');
INSERT INTO `tsys_dict` (`type`,`parent_key`,`dkey`,`dvalue`,`updater`,`update_datetime`,`remark`,`company_code`) VALUES ('1','mobile_modify_status','2','审核不通过','admin','2018-11-21 12:15:17',NULL,'CD-YLQ000014');
INSERT INTO `tsys_dict` (`type`,`parent_key`,`dkey`,`dvalue`,`updater`,`update_datetime`,`remark`,`company_code`) VALUES ('0',NULL,'blacklist_status','黑名单状态','admin','2018-11-21 12:15:17',NULL,'CD-YLQ000014');
INSERT INTO `tsys_dict` (`type`,`parent_key`,`dkey`,`dvalue`,`updater`,`update_datetime`,`remark`,`company_code`) VALUES ('1','blacklist_status','0','已移除','admin','2018-11-21 12:15:17',NULL,'CD-YLQ000014');
INSERT INTO `tsys_dict` (`type`,`parent_key`,`dkey`,`dvalue`,`updater`,`update_datetime`,`remark`,`company_code`) VALUES ('1','blacklist_status','1','生效中','admin','2018-11-21 12:15:17',NULL,'CD-YLQ000014');
INSERT INTO `tsys_dict` (`type`,`parent_key`,`dkey`,`dvalue`,`updater`,`update_datetime`,`remark`,`company_code`) VALUES ('0',NULL,'id_kind','证件类型','admin','2018-11-21 12:15:17',NULL,'CD-YLQ000014');
INSERT INTO `tsys_dict` (`type`,`parent_key`,`dkey`,`dvalue`,`updater`,`update_datetime`,`remark`,`company_code`) VALUES ('1','id_kind','1','身份证','admin','2018-11-21 12:15:17',NULL,'CD-YLQ000014');
INSERT INTO `tsys_dict` (`type`,`parent_key`,`dkey`,`dvalue`,`updater`,`update_datetime`,`remark`,`company_code`) VALUES ('0',NULL,'role_level','角色等级','admin','2018-11-21 12:15:17',NULL,'CD-YLQ000014');
INSERT INTO `tsys_dict` (`type`,`parent_key`,`dkey`,`dvalue`,`updater`,`update_datetime`,`remark`,`company_code`) VALUES ('1','role_level','1','运维','admin','2018-11-21 12:15:17',NULL,'CD-YLQ000014');
INSERT INTO `tsys_dict` (`type`,`parent_key`,`dkey`,`dvalue`,`updater`,`update_datetime`,`remark`,`company_code`) VALUES ('1','role_level','2','运营','admin','2018-11-21 12:15:17',NULL,'CD-YLQ000014');
INSERT INTO `tsys_dict` (`type`,`parent_key`,`dkey`,`dvalue`,`updater`,`update_datetime`,`remark`,`company_code`) VALUES ('1','role_level','3','客户','admin','2018-11-21 12:15:17',NULL,'CD-YLQ000014');
INSERT INTO `tsys_dict` (`type`,`parent_key`,`dkey`,`dvalue`,`updater`,`update_datetime`,`remark`,`company_code`) VALUES ('0',NULL,'res_type','资源类型','admin','2018-11-21 12:15:17',NULL,'CD-YLQ000014');
INSERT INTO `tsys_dict` (`type`,`parent_key`,`dkey`,`dvalue`,`updater`,`update_datetime`,`remark`,`company_code`) VALUES ('1','res_type','1','菜单','admin','2018-11-21 12:15:17',NULL,'CD-YLQ000014');
INSERT INTO `tsys_dict` (`type`,`parent_key`,`dkey`,`dvalue`,`updater`,`update_datetime`,`remark`,`company_code`) VALUES ('1','res_type','2','按钮','admin','2018-11-21 12:15:17',NULL,'CD-YLQ000014');
INSERT INTO `tsys_dict` (`type`,`parent_key`,`dkey`,`dvalue`,`updater`,`update_datetime`,`remark`,`company_code`) VALUES ('0',NULL,'lock_direction','锁定方向','admin','2018-11-21 12:15:17',NULL,'CD-YLQ000014');
INSERT INTO `tsys_dict` (`type`,`parent_key`,`dkey`,`dvalue`,`updater`,`update_datetime`,`remark`,`company_code`) VALUES ('1','lock_direction','1','锁定','admin','2018-11-21 12:15:17',NULL,'CD-YLQ000014');
INSERT INTO `tsys_dict` (`type`,`parent_key`,`dkey`,`dvalue`,`updater`,`update_datetime`,`remark`,`company_code`) VALUES ('1','lock_direction','2','解锁','admin','2018-11-21 12:15:17',NULL,'CD-YLQ000014');
INSERT INTO `tsys_dict` (`type`,`parent_key`,`dkey`,`dvalue`,`updater`,`update_datetime`,`remark`,`company_code`) VALUES ('0',NULL,'news_status','信息状态','admin','2018-11-21 12:15:17',NULL,'CD-YLQ000014');
INSERT INTO `tsys_dict` (`type`,`parent_key`,`dkey`,`dvalue`,`updater`,`update_datetime`,`remark`,`company_code`) VALUES ('1','news_status','0','待发送','admin','2018-11-21 12:15:17',NULL,'CD-YLQ000014');
INSERT INTO `tsys_dict` (`type`,`parent_key`,`dkey`,`dvalue`,`updater`,`update_datetime`,`remark`,`company_code`) VALUES ('1','news_status','1','已发送','admin','2018-11-21 12:15:17',NULL,'CD-YLQ000014');
INSERT INTO `tsys_dict` (`type`,`parent_key`,`dkey`,`dvalue`,`updater`,`update_datetime`,`remark`,`company_code`) VALUES ('1','news_status','2','发送失败','admin','2018-11-21 12:15:17',NULL,'CD-YLQ000014');
INSERT INTO `tsys_dict` (`type`,`parent_key`,`dkey`,`dvalue`,`updater`,`update_datetime`,`remark`,`company_code`) VALUES ('0',NULL,'user_kind','针对人群','admin','2018-11-21 12:15:17',NULL,'CD-YLQ000014');
INSERT INTO `tsys_dict` (`type`,`parent_key`,`dkey`,`dvalue`,`updater`,`update_datetime`,`remark`,`company_code`) VALUES ('1','user_kind','1','C端用户','admin','2018-11-21 12:15:17',NULL,'CD-YLQ000014');
INSERT INTO `tsys_dict` (`type`,`parent_key`,`dkey`,`dvalue`,`updater`,`update_datetime`,`remark`,`company_code`) VALUES ('0',NULL,'notice_status','公告状态','admin','2018-11-21 12:15:17',NULL,'CD-YLQ000014');
INSERT INTO `tsys_dict` (`type`,`parent_key`,`dkey`,`dvalue`,`updater`,`update_datetime`,`remark`,`company_code`) VALUES ('1','notice_status','0','未发布','admin','2018-11-21 12:15:17',NULL,'CD-YLQ000014');
INSERT INTO `tsys_dict` (`type`,`parent_key`,`dkey`,`dvalue`,`updater`,`update_datetime`,`remark`,`company_code`) VALUES ('1','notice_status','1','已发布','admin','2018-11-21 12:15:17',NULL,'CD-YLQ000014');
INSERT INTO `tsys_dict` (`type`,`parent_key`,`dkey`,`dvalue`,`updater`,`update_datetime`,`remark`,`company_code`) VALUES ('1','notice_status','2','已下架','admin','2018-11-21 12:15:17',NULL,'CD-YLQ000014');
INSERT INTO `tsys_dict` (`type`,`parent_key`,`dkey`,`dvalue`,`updater`,`update_datetime`,`remark`,`company_code`) VALUES ('0','','product_level','产品等级','admin','2018-11-22 08:31:09',NULL,'CD-YLQ000014');
INSERT INTO `tsys_dict` (`type`,`parent_key`,`dkey`,`dvalue`,`updater`,`update_datetime`,`remark`,`company_code`) VALUES ('1','product_level','1','LV.1','admin','2018-11-22 08:31:09',NULL,'CD-YLQ000014');
INSERT INTO `tsys_dict` (`type`,`parent_key`,`dkey`,`dvalue`,`updater`,`update_datetime`,`remark`,`company_code`) VALUES ('1','product_level','2','LV.2','admin','2018-11-22 08:31:09',NULL,'CD-YLQ000014');
INSERT INTO `tsys_dict` (`type`,`parent_key`,`dkey`,`dvalue`,`updater`,`update_datetime`,`remark`,`company_code`) VALUES ('1','product_level','3','LV.3','admin','2018-11-22 08:31:09',NULL,'CD-YLQ000014');
INSERT INTO `tsys_dict` (`type`,`parent_key`,`dkey`,`dvalue`,`updater`,`update_datetime`,`remark`,`company_code`) VALUES ('1','product_level','4','LV.4','admin','2018-11-22 08:31:09',NULL,'CD-YLQ000014');
INSERT INTO `tsys_dict` (`type`,`parent_key`,`dkey`,`dvalue`,`updater`,`update_datetime`,`remark`,`company_code`) VALUES ('0','','product_color','产品UI颜色','admin','2018-11-22 11:19:15',NULL,'CD-YLQ000014');
INSERT INTO `tsys_dict` (`type`,`parent_key`,`dkey`,`dvalue`,`updater`,`update_datetime`,`remark`,`company_code`) VALUES ('1','product_color','#0cb8ae','LV.1-浅蓝','admin','2018-11-22 11:19:15',NULL,'CD-YLQ000014');
INSERT INTO `tsys_dict` (`type`,`parent_key`,`dkey`,`dvalue`,`updater`,`update_datetime`,`remark`,`company_code`) VALUES ('1','product_color','#fba72e','LV.2-黄色','admin','2018-11-22 11:19:15',NULL,'CD-YLQ000014');
INSERT INTO `tsys_dict` (`type`,`parent_key`,`dkey`,`dvalue`,`updater`,`update_datetime`,`remark`,`company_code`) VALUES ('1','product_color','#f16254','LV.3-红色','admin','2018-11-22 11:19:15',NULL,'CD-YLQ000014');
INSERT INTO `tsys_dict` (`type`,`parent_key`,`dkey`,`dvalue`,`updater`,`update_datetime`,`remark`,`company_code`) VALUES ('1','product_color','#28a6e6','LV.4-蓝色','admin','2018-11-22 11:19:15',NULL,'CD-YLQ000014');
INSERT INTO `tsys_dict` (`type`,`parent_key`,`dkey`,`dvalue`,`updater`,`update_datetime`,`remark`,`company_code`) VALUES ('0',NULL,'jour_status','流水状态','admin','2018-11-29 04:25:36','','CD-YLQ000014');
INSERT INTO `tsys_dict` (`type`,`parent_key`,`dkey`,`dvalue`,`updater`,`update_datetime`,`remark`,`company_code`) VALUES ('1','jour_status','1','待对账','admin','2018-11-29 04:25:36','','CD-YLQ000014');
INSERT INTO `tsys_dict` (`type`,`parent_key`,`dkey`,`dvalue`,`updater`,`update_datetime`,`remark`,`company_code`) VALUES ('1','jour_status','3','已对账且账已平','admin','2018-11-29 04:25:37','','CD-YLQ000014');
INSERT INTO `tsys_dict` (`type`,`parent_key`,`dkey`,`dvalue`,`updater`,`update_datetime`,`remark`,`company_code`) VALUES ('1','jour_status','4','帐不平待调账审批','admin','2018-11-29 04:25:37','','CD-YLQ000014');
INSERT INTO `tsys_dict` (`type`,`parent_key`,`dkey`,`dvalue`,`updater`,`update_datetime`,`remark`,`company_code`) VALUES ('1','jour_status','5','已对账且账不平','admin','2018-11-29 04:25:37','','CD-YLQ000014');
INSERT INTO `tsys_dict` (`type`,`parent_key`,`dkey`,`dvalue`,`updater`,`update_datetime`,`remark`,`company_code`) VALUES ('1','jour_status','6','无需对账','admin','2018-11-29 04:25:37','','CD-YLQ000014');
INSERT INTO `tsys_dict` (`type`,`parent_key`,`dkey`,`dvalue`,`updater`,`update_datetime`,`remark`,`company_code`) VALUES ('0',NULL,'biz_type','流水类型','admin','2018-11-29 04:39:36','','CD-YLQ000014');
INSERT INTO `tsys_dict` (`type`,`parent_key`,`dkey`,`dvalue`,`updater`,`update_datetime`,`remark`,`company_code`) VALUES ('1','biz_type','CHARGE','充值','admin','2018-11-29 04:39:36','','CD-YLQ000014');
INSERT INTO `tsys_dict` (`type`,`parent_key`,`dkey`,`dvalue`,`updater`,`update_datetime`,`remark`,`company_code`) VALUES ('1','biz_type','API','征信接口支出','admin','2018-11-29 04:39:36','','CD-YLQ000014');
INSERT INTO `tsys_dict` (`type`,`parent_key`,`dkey`,`dvalue`,`updater`,`update_datetime`,`remark`,`company_code`) VALUES ('1','biz_type','WITHDRAW_FROZEN','取现冻结','admin','2018-11-29 04:39:36','','CD-YLQ000014');
INSERT INTO `tsys_dict` (`type`,`parent_key`,`dkey`,`dvalue`,`updater`,`update_datetime`,`remark`,`company_code`) VALUES ('1','biz_type','WITHDRAW_UNFROZEN','取现解冻','admin','2018-11-29 04:39:36','','CD-YLQ000014');
INSERT INTO `tsys_dict` (`type`,`parent_key`,`dkey`,`dvalue`,`updater`,`update_datetime`,`remark`,`company_code`) VALUES ('1','biz_type','WITHDRAW','取现','admin','2018-11-29 04:39:36','','CD-YLQ000014');
INSERT INTO `tsys_dict` (`type`,`parent_key`,`dkey`,`dvalue`,`updater`,`update_datetime`,`remark`,`company_code`) VALUES ('1','biz_type','WITHDRAW_FEE','取现手续费','admin','2018-11-29 04:39:36','','CD-YLQ000014');
INSERT INTO `tsys_dict` (`type`,`parent_key`,`dkey`,`dvalue`,`updater`,`update_datetime`,`remark`,`company_code`) VALUES ('1','biz_type','WITHDRAW_FEE_FROZEN','冻结取现手续费','admin','2018-11-29 04:39:36','','CD-YLQ000014');
INSERT INTO `tsys_dict` (`type`,`parent_key`,`dkey`,`dvalue`,`updater`,`update_datetime`,`remark`,`company_code`) VALUES ('1','biz_type','WITHDRAW_FEE_UNFROZEN','解冻取现手续费','admin','2018-11-29 04:39:36','','CD-YLQ000014');
INSERT INTO `tsys_dict` (`type`,`parent_key`,`dkey`,`dvalue`,`updater`,`update_datetime`,`remark`,`company_code`) VALUES ('1','biz_type','withdraw_enter','提现回录','admin','2018-11-29 04:39:36','','CD-YLQ000014');
INSERT INTO `tsys_dict` (`type`,`parent_key`,`dkey`,`dvalue`,`updater`,`update_datetime`,`remark`,`company_code`) VALUES ('1','biz_type','WITHDRAW_TRANS_FEE','转账费','admin','2018-11-29 04:39:36','','CD-YLQ000014');

INSERT INTO `tsys_dict` (`type`,`parent_key`,`dkey`,`dvalue`,`updater`,`update_datetime`,`remark`,`company_code`) VALUES ('0',NULL,'withdraw_status','取现订单状态','admin','2018-11-29 04:44:47','','CD-YLQ000014');
INSERT INTO `tsys_dict` (`type`,`parent_key`,`dkey`,`dvalue`,`updater`,`update_datetime`,`remark`,`company_code`) VALUES ('1','withdraw_status','1','待审批','admin','2018-11-29 04:44:47','','CD-YLQ000014');
INSERT INTO `tsys_dict` (`type`,`parent_key`,`dkey`,`dvalue`,`updater`,`update_datetime`,`remark`,`company_code`) VALUES ('1','withdraw_status','2','审批不通过','admin','2018-11-29 04:44:47','','CD-YLQ000014');
INSERT INTO `tsys_dict` (`type`,`parent_key`,`dkey`,`dvalue`,`updater`,`update_datetime`,`remark`,`company_code`) VALUES ('1','withdraw_status','3','审批通过待支付','admin','2018-11-29 04:44:47','','CD-YLQ000014');
INSERT INTO `tsys_dict` (`type`,`parent_key`,`dkey`,`dvalue`,`updater`,`update_datetime`,`remark`,`company_code`) VALUES ('1','withdraw_status','4','支付失败','admin','2018-11-29 04:44:47','','CD-YLQ000014');
INSERT INTO `tsys_dict` (`type`,`parent_key`,`dkey`,`dvalue`,`updater`,`update_datetime`,`remark`,`company_code`) VALUES ('1','withdraw_status','5','支付成功','admin','2018-11-29 04:44:47','','CD-YLQ000014');
INSERT INTO `tsys_dict` (`type`,`parent_key`,`dkey`,`dvalue`,`updater`,`update_datetime`,`remark`,`company_code`) VALUES ('0',NULL,'charge_status','充值订单状态','admin','2018-11-29 04:48:36','','CD-YLQ000014');
INSERT INTO `tsys_dict` (`type`,`parent_key`,`dkey`,`dvalue`,`updater`,`update_datetime`,`remark`,`company_code`) VALUES ('1','charge_status','1','待支付','admin','2018-11-29 04:48:36','','CD-YLQ000014');
INSERT INTO `tsys_dict` (`type`,`parent_key`,`dkey`,`dvalue`,`updater`,`update_datetime`,`remark`,`company_code`) VALUES ('1','charge_status','2','支付失败','admin','2018-11-29 04:48:36','','CD-YLQ000014');
INSERT INTO `tsys_dict` (`type`,`parent_key`,`dkey`,`dvalue`,`updater`,`update_datetime`,`remark`,`company_code`) VALUES ('1','charge_status','3','支付成功','admin','2018-11-29 04:48:36','','CD-YLQ000014');
INSERT INTO `tsys_dict` (`type`,`parent_key`,`dkey`,`dvalue`,`updater`,`update_datetime`,`remark`,`company_code`) VALUES ('0',NULL,'account_type','账户类型','admin','2018-11-29 06:09:17','','CD-YLQ000014');
INSERT INTO `tsys_dict` (`type`,`parent_key`,`dkey`,`dvalue`,`updater`,`update_datetime`,`remark`,`company_code`) VALUES ('1','account_type','P','平台','admin','2018-11-29 06:09:17','','CD-YLQ000014');
INSERT INTO `tsys_dict` (`type`,`parent_key`,`dkey`,`dvalue`,`updater`,`update_datetime`,`remark`,`company_code`) VALUES ('1','account_type','B','借款商','admin','2018-11-29 06:09:17','','CD-YLQ000014');
INSERT INTO `tsys_dict` (`type`,`parent_key`,`dkey`,`dvalue`,`updater`,`update_datetime`,`remark`,`company_code`) VALUES ('0',NULL,'channel_type','渠道类型','admin','2018-12-01 11:37:24','','CD-YLQ000014');
INSERT INTO `tsys_dict` (`type`,`parent_key`,`dkey`,`dvalue`,`updater`,`update_datetime`,`remark`,`company_code`) VALUES ('1','channel_type','01','线下_橙账本','admin','2018-12-01 11:37:24','','CD-YLQ000014');
INSERT INTO `tsys_dict` (`type`,`parent_key`,`dkey`,`dvalue`,`updater`,`update_datetime`,`remark`,`company_code`) VALUES ('1','channel_type','0','内部账','admin','2018-12-01 11:37:24','','CD-YLQ000014');
INSERT INTO `tsys_dict` (`type`,`parent_key`,`dkey`,`dvalue`,`updater`,`update_datetime`,`remark`,`company_code`) VALUES ('1','channel_type','9','调账','admin','2018-12-01 11:37:24','','CD-YLQ000014');
INSERT INTO `tsys_dict` (`type`,`parent_key`,`dkey`,`dvalue`,`updater`,`update_datetime`,`remark`,`company_code`) VALUES ('1','channel_type','10','轧账','admin','2018-12-01 11:37:24','','CD-YLQ000014');
INSERT INTO `tsys_dict` (`type`,`parent_key`,`dkey`,`dvalue`,`updater`,`update_datetime`,`remark`,`company_code`) VALUES ('1','channel_type','35','微信公众号支付','admin','2018-12-01 11:37:24','','CD-YLQ000014');
INSERT INTO `tsys_dict` (`type`,`parent_key`,`dkey`,`dvalue`,`updater`,`update_datetime`,`remark`,`company_code`) VALUES ('1','channel_type','90','线下','admin','2018-12-01 11:37:24','','CD-YLQ000014');

/*
-- Query: SELECT * FROM dev_xn_ylq.tsys_menu where company_code="CD-YLQ000014"
LIMIT 0, 5000

-- Date: 2018-12-14 16:29
*/
INSERT INTO `tsys_menu` (`code`,`parent_code`,`name`,`type`,`url`,`order_no`,`updater`,`update_datetime`,`remark`,`company_code`) VALUES ('CD201809281458013408308','COINSM201612071021105964','平台账户','1','#',1,'UCOIN201700000000000001','2018-11-22 07:21:20','','CD-YLQ000014');
INSERT INTO `tsys_menu` (`code`,`parent_code`,`name`,`type`,`url`,`order_no`,`updater`,`update_datetime`,`remark`,`company_code`) VALUES ('CD201809281458246867562','COINSM201612071021105964','线下充值','1','#',3,'UCOIN201700000000000001','2018-11-27 15:18:36','','CD-YLQ000014');
INSERT INTO `tsys_menu` (`code`,`parent_code`,`name`,`type`,`url`,`order_no`,`updater`,`update_datetime`,`remark`,`company_code`) VALUES ('CD201809281458530008193','COINSM201612071021105964','线下取现','1','#',3,'UCOIN201700000000000001','2018-11-22 07:21:20','','CD-YLQ000014');
INSERT INTO `tsys_menu` (`code`,`parent_code`,`name`,`type`,`url`,`order_no`,`updater`,`update_datetime`,`remark`,`company_code`) VALUES ('CD201809281504013431237','CD201809281458013408308','账户查询','1','/platform/account.htm',5,'UCOIN201700000000000001','2018-11-22 07:21:20','','CD-YLQ000014');
INSERT INTO `tsys_menu` (`code`,`parent_code`,`name`,`type`,`url`,`order_no`,`updater`,`update_datetime`,`remark`,`company_code`) VALUES ('CD201809281504368347161','CD201809281458013408308','平台流水','1','/platform/flows.htm',6,'UCOIN201700000000000001','2018-11-24 14:15:19','','CD-YLQ000014');
INSERT INTO `tsys_menu` (`code`,`parent_code`,`name`,`type`,`url`,`order_no`,`updater`,`update_datetime`,`remark`,`company_code`) VALUES ('CD201809281507086522935','CD201809281458246867562','线下充值','1','/recharge/recharges.htm',2,'UCOIN201700000000000001','2018-11-22 07:21:20','','CD-YLQ000014');
INSERT INTO `tsys_menu` (`code`,`parent_code`,`name`,`type`,`url`,`order_no`,`updater`,`update_datetime`,`remark`,`company_code`) VALUES ('CD201809281507479361586','CD201809281458246867562','充值查询','1','/recharge/records.htm',3,'UCOIN201700000000000001','2018-11-22 07:21:20','','CD-YLQ000014');
INSERT INTO `tsys_menu` (`code`,`parent_code`,`name`,`type`,`url`,`order_no`,`updater`,`update_datetime`,`remark`,`company_code`) VALUES ('CD201809281509063426888','CD201809281458530008193','取现规则','1','/withdraw/rules.htm',1,'UCOIN201700000000000001','2018-11-22 07:21:20','','CD-YLQ000014');
INSERT INTO `tsys_menu` (`code`,`parent_code`,`name`,`type`,`url`,`order_no`,`updater`,`update_datetime`,`remark`,`company_code`) VALUES ('CD201809281509450622929','CD201809281458530008193','线下取现','1','/withdraw/withdraw.htm',1,'UCOIN201700000000000001','2018-11-27 15:17:09','','CD-YLQ000014');
INSERT INTO `tsys_menu` (`code`,`parent_code`,`name`,`type`,`url`,`order_no`,`updater`,`update_datetime`,`remark`,`company_code`) VALUES ('CD201809281510256651980','CD201809281458530008193','取现查询','1','/withdraw/records.htm',3,'UCOIN201700000000000001','2018-11-22 07:21:20','','CD-YLQ000014');
INSERT INTO `tsys_menu` (`code`,`parent_code`,`name`,`type`,`url`,`order_no`,`updater`,`update_datetime`,`remark`,`company_code`) VALUES ('CD201809292102317412562','CD201809292006538897361','新增','2','/add',1,'UCOIN201700000000000001','2018-11-22 07:21:21','','CD-YLQ000014');
INSERT INTO `tsys_menu` (`code`,`parent_code`,`name`,`type`,`url`,`order_no`,`updater`,`update_datetime`,`remark`,`company_code`) VALUES ('CD201809292103266638972','CD201809292006538897361','发布','2','/edit',2,'UCOIN201700000000000001','2018-11-22 07:21:21','','CD-YLQ000014');
INSERT INTO `tsys_menu` (`code`,`parent_code`,`name`,`type`,`url`,`order_no`,`updater`,`update_datetime`,`remark`,`company_code`) VALUES ('CD201809292104078866023','CD201809292006538897361','撤回','2','/back',3,'UCOIN201700000000000001','2018-10-15 17:41:04','','CD-YLQ000014');
INSERT INTO `tsys_menu` (`code`,`parent_code`,`name`,`type`,`url`,`order_no`,`updater`,`update_datetime`,`remark`,`company_code`) VALUES ('CD201810042325430956759','CD201809281500541305442','修改','2','/edit',1,'UCOIN201700000000000001','2018-11-22 07:21:20','','CD-YLQ000014');
INSERT INTO `tsys_menu` (`code`,`parent_code`,`name`,`type`,`url`,`order_no`,`updater`,`update_datetime`,`remark`,`company_code`) VALUES ('CD201810042326100774694','CD201809281501543134548','修改','2','/edit',1,'UCOIN201700000000000001','2018-11-22 07:21:20','','CD-YLQ000014');
INSERT INTO `tsys_menu` (`code`,`parent_code`,`name`,`type`,`url`,`order_no`,`updater`,`update_datetime`,`remark`,`company_code`) VALUES ('CD201810042327114493874','CD201809281503133311331','修改','2','/edit',1,'UCOIN201700000000000001','2018-11-22 07:21:20','','CD-YLQ000014');
INSERT INTO `tsys_menu` (`code`,`parent_code`,`name`,`type`,`url`,`order_no`,`updater`,`update_datetime`,`remark`,`company_code`) VALUES ('CD201810042352267473712','CD201810042352064116135','修改','2','/edit',1,'UCOIN201700000000000001','2018-11-22 07:21:20','','CD-YLQ000014');
INSERT INTO `tsys_menu` (`code`,`parent_code`,`name`,`type`,`url`,`order_no`,`updater`,`update_datetime`,`remark`,`company_code`) VALUES ('CD201810050104422483297','CD201809281507086522935','待申请','2','/add',1,'UCOIN201700000000000001','2018-11-22 07:21:20','','CD-YLQ000014');
INSERT INTO `tsys_menu` (`code`,`parent_code`,`name`,`type`,`url`,`order_no`,`updater`,`update_datetime`,`remark`,`company_code`) VALUES ('CD201810050105195526885','CD201809281507086522935','详情','2','/detail',3,'UCOIN201700000000000001','2018-11-22 07:21:20','','CD-YLQ000014');
INSERT INTO `tsys_menu` (`code`,`parent_code`,`name`,`type`,`url`,`order_no`,`updater`,`update_datetime`,`remark`,`company_code`) VALUES ('CD201810050105538468486','CD201809281507086522935','审核','2','/check',2,'UCOIN201700000000000001','2018-11-22 07:21:20','','CD-YLQ000014');
INSERT INTO `tsys_menu` (`code`,`parent_code`,`name`,`type`,`url`,`order_no`,`updater`,`update_datetime`,`remark`,`company_code`) VALUES ('CD201810050106121877523','CD201809281507086522935','导出','2','/export',4,'UCOIN201700000000000001','2018-11-22 07:21:20','','CD-YLQ000014');
INSERT INTO `tsys_menu` (`code`,`parent_code`,`name`,`type`,`url`,`order_no`,`updater`,`update_datetime`,`remark`,`company_code`) VALUES ('CD201810050154234414919','CD201809281507479361586','详情','2','/detail',1,'UCOIN201700000000000001','2018-11-22 07:21:21','','CD-YLQ000014');
INSERT INTO `tsys_menu` (`code`,`parent_code`,`name`,`type`,`url`,`order_no`,`updater`,`update_datetime`,`remark`,`company_code`) VALUES ('CD201810050154373965588','CD201809281507479361586','导出','2','/export',2,'UCOIN201700000000000001','2018-11-22 07:21:21','','CD-YLQ000014');
INSERT INTO `tsys_menu` (`code`,`parent_code`,`name`,`type`,`url`,`order_no`,`updater`,`update_datetime`,`remark`,`company_code`) VALUES ('CD201810051837019382814','CD201809281509063426888','修改','2','/edit',1,'UCOIN201700000000000001','2018-11-22 07:21:21','','CD-YLQ000014');
INSERT INTO `tsys_menu` (`code`,`parent_code`,`name`,`type`,`url`,`order_no`,`updater`,`update_datetime`,`remark`,`company_code`) VALUES ('CD201810061158329263282','CD201809281509450622929','审核','2','/check',1,'UCOIN201700000000000001','2018-11-22 07:21:21','','CD-YLQ000014');
INSERT INTO `tsys_menu` (`code`,`parent_code`,`name`,`type`,`url`,`order_no`,`updater`,`update_datetime`,`remark`,`company_code`) VALUES ('CD201810061200553476264','CD201809281509450622929','打款回录','2','/enter',2,'UCOIN201700000000000001','2018-11-22 07:21:21','','CD-YLQ000014');
INSERT INTO `tsys_menu` (`code`,`parent_code`,`name`,`type`,`url`,`order_no`,`updater`,`update_datetime`,`remark`,`company_code`) VALUES ('CD201810061201298954721','CD201809281510256651980','详情','2','/detail',1,'UCOIN201700000000000001','2018-11-22 07:21:21','','CD-YLQ000014');
INSERT INTO `tsys_menu` (`code`,`parent_code`,`name`,`type`,`url`,`order_no`,`updater`,`update_datetime`,`remark`,`company_code`) VALUES ('CD201810061201456666951','CD201809281510256651980','导出','2','/export',2,'UCOIN201700000000000001','2018-11-22 07:21:21','','CD-YLQ000014');
INSERT INTO `tsys_menu` (`code`,`parent_code`,`name`,`type`,`url`,`order_no`,`updater`,`update_datetime`,`remark`,`company_code`) VALUES ('CD2018101517393978183610','CD201809292006538897361','详情','2','/detail',4,'UCOIN201700000000000001','2018-10-15 17:39:39','','CD-YLQ000014');
INSERT INTO `tsys_menu` (`code`,`parent_code`,`name`,`type`,`url`,`order_no`,`updater`,`update_datetime`,`remark`,`company_code`) VALUES ('CD2018103121130942498032','CD2018103121070311232752','修改','2','/edit',1,'UCOIN201700000000000001','2018-10-31 21:13:09','','CD-YLQ000014');
INSERT INTO `tsys_menu` (`code`,`parent_code`,`name`,`type`,`url`,`order_no`,`updater`,`update_datetime`,`remark`,`company_code`) VALUES ('CD2018111420444714344443','CD2018111420442435330453','修改','2','/edit',1,'UCOIN201700000000000001','2018-11-14 20:44:47','','CD-YLQ000014');
INSERT INTO `tsys_menu` (`code`,`parent_code`,`name`,`type`,`url`,`order_no`,`updater`,`update_datetime`,`remark`,`company_code`) VALUES ('CD2018111615313723721071','CD2018111615311589529770','修改','2','/edit',1,'UCOIN201700000000000001','2018-11-16 15:31:37','','CD-YLQ000014');
INSERT INTO `tsys_menu` (`code`,`parent_code`,`name`,`type`,`url`,`order_no`,`updater`,`update_datetime`,`remark`,`company_code`) VALUES ('COINSM201612071021105964','COINSM201700000000000000','财务管理','1','#',4,'UCOIN201700000000000001','2018-11-22 07:21:20','','CD-YLQ000014');
INSERT INTO `tsys_menu` (`code`,`parent_code`,`name`,`type`,`url`,`order_no`,`updater`,`update_datetime`,`remark`,`company_code`) VALUES ('COINSM201700000000000000','','根目录','1','#',1,'admin','2018-10-06 16:09:27','','CD-YLQ000014');
INSERT INTO `tsys_menu` (`code`,`parent_code`,`name`,`type`,`url`,`order_no`,`updater`,`update_datetime`,`remark`,`company_code`) VALUES ('COINSM201700001000000001','COINSM201700000000000000','系统管理','1','#',1,'admin','2018-11-22 07:21:21','','CD-YLQ000014');
INSERT INTO `tsys_menu` (`code`,`parent_code`,`name`,`type`,`url`,`order_no`,`updater`,`update_datetime`,`remark`,`company_code`) VALUES ('COINSM201700001000000002','COINSM201700001000000001','运维管理','1','#',2,'admin','2018-11-22 07:21:21',NULL,'CD-YLQ000014');
INSERT INTO `tsys_menu` (`code`,`parent_code`,`name`,`type`,`url`,`order_no`,`updater`,`update_datetime`,`remark`,`company_code`) VALUES ('COINSM201700001000000003','COINSM201700001000000002','菜单管理','1','/system/menu.htm',1,'admin','2018-11-22 07:21:21',NULL,'CD-YLQ000014');
INSERT INTO `tsys_menu` (`code`,`parent_code`,`name`,`type`,`url`,`order_no`,`updater`,`update_datetime`,`remark`,`company_code`) VALUES ('COINSM201700001000000004','COINSM201700001000000003','新增','2','/add',1,'admin','2018-11-22 07:21:21','','CD-YLQ000014');
INSERT INTO `tsys_menu` (`code`,`parent_code`,`name`,`type`,`url`,`order_no`,`updater`,`update_datetime`,`remark`,`company_code`) VALUES ('COINSM2017032911200961325','COINSM201700001000000003','修改','2','/edit',2,'admin','2018-11-22 07:21:21','','CD-YLQ000014');
INSERT INTO `tsys_menu` (`code`,`parent_code`,`name`,`type`,`url`,`order_no`,`updater`,`update_datetime`,`remark`,`company_code`) VALUES ('COINSM2017033020015631166','COINSM2017033020005366333','新增','2','/add',1,'admin','2018-11-22 07:21:21','','CD-YLQ000014');
INSERT INTO `tsys_menu` (`code`,`parent_code`,`name`,`type`,`url`,`order_no`,`updater`,`update_datetime`,`remark`,`company_code`) VALUES ('COINSM2017033020021094115','COINSM2017033020005366333','修改','2','/edit',2,'admin','2018-11-22 07:21:21','','CD-YLQ000014');
INSERT INTO `tsys_menu` (`code`,`parent_code`,`name`,`type`,`url`,`order_no`,`updater`,`update_datetime`,`remark`,`company_code`) VALUES ('COINSM2017033020022649991','COINSM2017033020005366333','删除','2','/delete',3,'admin','2018-11-22 07:21:21','','CD-YLQ000014');
INSERT INTO `tsys_menu` (`code`,`parent_code`,`name`,`type`,`url`,`order_no`,`updater`,`update_datetime`,`remark`,`company_code`) VALUES ('COINSM2017033020024827112','COINSM2017033020005366333','详情','2','/detail',4,'admin','2018-11-22 07:21:21','','CD-YLQ000014');
INSERT INTO `tsys_menu` (`code`,`parent_code`,`name`,`type`,`url`,`order_no`,`updater`,`update_datetime`,`remark`,`company_code`) VALUES ('COINSM201708241024194086655','COINSM201700001000000003','删除','2','/delete',3,'admin','2018-11-22 07:21:21','','CD-YLQ000014');
INSERT INTO `tsys_menu` (`code`,`parent_code`,`name`,`type`,`url`,`order_no`,`updater`,`update_datetime`,`remark`,`company_code`) VALUES ('COINSM2017101716241339082','COINSM201700001000000001','运营管理','1','#',1,'admin','2018-11-22 07:21:21','','CD-YLQ000014');
INSERT INTO `tsys_menu` (`code`,`parent_code`,`name`,`type`,`url`,`order_no`,`updater`,`update_datetime`,`remark`,`company_code`) VALUES ('COINSM2017101716253866426','COINSM2017101716241339082','角色管理','1','/system/role.htm',1,'admin','2018-11-22 07:21:21','','CD-YLQ000014');
INSERT INTO `tsys_menu` (`code`,`parent_code`,`name`,`type`,`url`,`order_no`,`updater`,`update_datetime`,`remark`,`company_code`) VALUES ('COINSM2017101716261754674','COINSM2017101716241339082','用户管理','1','/system/user.htm',2,'UCOIN201700000000000001','2018-12-13 19:06:19','','CD-YLQ000014');
INSERT INTO `tsys_menu` (`code`,`parent_code`,`name`,`type`,`url`,`order_no`,`updater`,`update_datetime`,`remark`,`company_code`) VALUES ('COINSM2017101716450533995','COINSM2017101716253866426','分配菜单','2','/change',4,'admin','2018-11-22 07:21:21','','CD-YLQ000014');
INSERT INTO `tsys_menu` (`code`,`parent_code`,`name`,`type`,`url`,`order_no`,`updater`,`update_datetime`,`remark`,`company_code`) VALUES ('COINSM2017101717551955993','COINSM2017101716253866426','新增','2','/add',1,'admin','2018-11-22 07:21:21','','CD-YLQ000014');
INSERT INTO `tsys_menu` (`code`,`parent_code`,`name`,`type`,`url`,`order_no`,`updater`,`update_datetime`,`remark`,`company_code`) VALUES ('COINSM2017101717560118734','COINSM2017101716253866426','修改','2','/edit',2,'admin','2018-11-22 07:21:21','','CD-YLQ000014');
INSERT INTO `tsys_menu` (`code`,`parent_code`,`name`,`type`,`url`,`order_no`,`updater`,`update_datetime`,`remark`,`company_code`) VALUES ('COINSM2017101717563661357','COINSM2017101716253866426','删除','2','/delete',3,'admin','2018-11-22 07:21:21','','CD-YLQ000014');
INSERT INTO `tsys_menu` (`code`,`parent_code`,`name`,`type`,`url`,`order_no`,`updater`,`update_datetime`,`remark`,`company_code`) VALUES ('COINSM2017101719082391126','COINSM2017101716261754674','新增','2','/add',1,'admin','2018-11-22 07:21:21','','CD-YLQ000014');
INSERT INTO `tsys_menu` (`code`,`parent_code`,`name`,`type`,`url`,`order_no`,`updater`,`update_datetime`,`remark`,`company_code`) VALUES ('COINSM2017101719094151894','COINSM2017101716261754674','重置密码','2','/reset',2,'admin','2018-11-22 07:21:21','','CD-YLQ000014');
INSERT INTO `tsys_menu` (`code`,`parent_code`,`name`,`type`,`url`,`order_no`,`updater`,`update_datetime`,`remark`,`company_code`) VALUES ('COINSM2017101719100760088','COINSM2017101716261754674','注销','2','/rock',4,'admin','2018-11-22 07:21:21','','CD-YLQ000014');
INSERT INTO `tsys_menu` (`code`,`parent_code`,`name`,`type`,`url`,`order_no`,`updater`,`update_datetime`,`remark`,`company_code`) VALUES ('COINSM2017101719110981215','COINSM2017101716261754674','设置角色','2','/assign',5,'admin','2018-11-22 07:21:21','','CD-YLQ000014');
INSERT INTO `tsys_menu` (`code`,`parent_code`,`name`,`type`,`url`,`order_no`,`updater`,`update_datetime`,`remark`,`company_code`) VALUES ('COINSM2017120610552303416','COINSM2017101716261754674','激活','2','/active',3,'admin','2018-11-22 07:21:21','','CD-YLQ000014');
INSERT INTO `tsys_menu` (`code`,`parent_code`,`name`,`type`,`url`,`order_no`,`updater`,`update_datetime`,`remark`,`company_code`) VALUES ('SM2018112215412039549686','COINSM201700000000000000','业务管理','1','#',2,'UCOIN201700000000000001','2018-11-22 15:41:20','','CD-YLQ000014');
INSERT INTO `tsys_menu` (`code`,`parent_code`,`name`,`type`,`url`,`order_no`,`updater`,`update_datetime`,`remark`,`company_code`) VALUES ('SM2018112216130266275339','SM2018112215412039549686','客户管理','1','#',1,'UCOIN201700000000000001','2018-11-22 16:13:02','','CD-YLQ000014');
INSERT INTO `tsys_menu` (`code`,`parent_code`,`name`,`type`,`url`,`order_no`,`updater`,`update_datetime`,`remark`,`company_code`) VALUES ('SM2018112216151399386183','SM2018112216130266275339','客户管理','1','/customer/customers.htm',2,'UCOIN201700000000000001','2018-11-22 17:21:09','','CD-YLQ000014');
INSERT INTO `tsys_menu` (`code`,`parent_code`,`name`,`type`,`url`,`order_no`,`updater`,`update_datetime`,`remark`,`company_code`) VALUES ('SM2018112216185349368644','SM2018112216130266275339','开子账号','1','/customer/subaccount.htm',1,'UCOIN201700000000000001','2018-11-27 10:22:25','','CD-YLQ000014');
INSERT INTO `tsys_menu` (`code`,`parent_code`,`name`,`type`,`url`,`order_no`,`updater`,`update_datetime`,`remark`,`company_code`) VALUES ('SM2018112216241697752682','SM2018112216151399386183','注销/激活','2','/rock',2,'UCOIN201700000000000001','2018-11-24 18:11:48','客户管理','CD-YLQ000014');
INSERT INTO `tsys_menu` (`code`,`parent_code`,`name`,`type`,`url`,`order_no`,`updater`,`update_datetime`,`remark`,`company_code`) VALUES ('SM2018112216471048559565','SM2018112216151399386183','账户余额','2','/amount',3,'U2018121319275730738078','2018-12-12 01:41:51','客户管理','CD-YLQ000014');
INSERT INTO `tsys_menu` (`code`,`parent_code`,`name`,`type`,`url`,`order_no`,`updater`,`update_datetime`,`remark`,`company_code`) VALUES ('SM2018112216493855076184','SM2018112216151399386183','报告列表','2','/checklist',4,'UCOIN201700000000000001','2018-11-24 14:53:54','报告列表','CD-YLQ000014');
INSERT INTO `tsys_menu` (`code`,`parent_code`,`name`,`type`,`url`,`order_no`,`updater`,`update_datetime`,`remark`,`company_code`) VALUES ('SM201811221722496062711','SM2018112216130266275339','账户查询','1','/customer/accountquery.htm',3,'UCOIN201700000000000001','2018-11-22 17:53:02','','CD-YLQ000014');
INSERT INTO `tsys_menu` (`code`,`parent_code`,`name`,`type`,`url`,`order_no`,`updater`,`update_datetime`,`remark`,`company_code`) VALUES ('SM2018112217280073622678','SM2018112215412039549686','用户查询','1','#',2,'UCOIN201700000000000001','2018-11-22 17:28:00','','CD-YLQ000014');
INSERT INTO `tsys_menu` (`code`,`parent_code`,`name`,`type`,`url`,`order_no`,`updater`,`update_datetime`,`remark`,`company_code`) VALUES ('SM2018112217543925391903','SM201811221722496062711','详情','2','/detail',1,'UCOIN201700000000000001','2018-11-30 18:33:51','账户查询','CD-YLQ000014');
INSERT INTO `tsys_menu` (`code`,`parent_code`,`name`,`type`,`url`,`order_no`,`updater`,`update_datetime`,`remark`,`company_code`) VALUES ('SM2018112217554410927661','SM201811221722496062711','导出','2','/export',2,'UCOIN201700000000000001','2018-11-22 17:55:44','','CD-YLQ000014');
INSERT INTO `tsys_menu` (`code`,`parent_code`,`name`,`type`,`url`,`order_no`,`updater`,`update_datetime`,`remark`,`company_code`) VALUES ('SM2018112309372954820712','SM2018112309360865746079','添加','2','/add',1,'UCOIN201700000000000001','2018-11-23 09:37:29','','CD-YLQ000014');
INSERT INTO `tsys_menu` (`code`,`parent_code`,`name`,`type`,`url`,`order_no`,`updater`,`update_datetime`,`remark`,`company_code`) VALUES ('SM2018112310125340020654','SM2018112217285177676118','禁止登陆','2','/rock',2,'UCOIN201700000000000001','2018-11-23 10:12:53','','CD-YLQ000014');
INSERT INTO `tsys_menu` (`code`,`parent_code`,`name`,`type`,`url`,`order_no`,`updater`,`update_datetime`,`remark`,`company_code`) VALUES ('SM2018112310390708410646','SM2018112217280073622678','用户库','1','/userquery/userbase.htm',1,'UCOIN201700000000000001','2018-11-23 16:59:28','','CD-YLQ000014');
INSERT INTO `tsys_menu` (`code`,`parent_code`,`name`,`type`,`url`,`order_no`,`updater`,`update_datetime`,`remark`,`company_code`) VALUES ('SM2018112310571597513851','SM2018112310390708410646','禁止/恢复登录','2','/rock',2,'UCOIN201700000000000001','2018-12-11 18:06:12','用户库','CD-YLQ000014');
INSERT INTO `tsys_menu` (`code`,`parent_code`,`name`,`type`,`url`,`order_no`,`updater`,`update_datetime`,`remark`,`company_code`) VALUES ('SM201811231059497991708','SM2018112310390708410646','加入白名单','2','/addwhite',5,'UCOIN201700000000000001','2018-11-27 18:46:01','用户库','CD-YLQ000014');
INSERT INTO `tsys_menu` (`code`,`parent_code`,`name`,`type`,`url`,`order_no`,`updater`,`update_datetime`,`remark`,`company_code`) VALUES ('SM2018112311003561817698','SM2018112310390708410646','加入黑名单','2','/addblack',6,'UCOIN201700000000000001','2018-11-27 18:46:06','用户库','CD-YLQ000014');
INSERT INTO `tsys_menu` (`code`,`parent_code`,`name`,`type`,`url`,`order_no`,`updater`,`update_datetime`,`remark`,`company_code`) VALUES ('SM2018112316583571416488','SM2018112217280073622678','报告库','1','/userquery/reportlibrary.htm',2,'UCOIN201700000000000001','2018-11-23 16:59:48','报告库','CD-YLQ000014');
INSERT INTO `tsys_menu` (`code`,`parent_code`,`name`,`type`,`url`,`order_no`,`updater`,`update_datetime`,`remark`,`company_code`) VALUES ('SM2018112317012394688181','SM2018112316583571416488','详情','2','/detail',8,'UCOIN201700000000000001','2018-12-13 11:38:11','报告库','CD-YLQ000014');
INSERT INTO `tsys_menu` (`code`,`parent_code`,`name`,`type`,`url`,`order_no`,`updater`,`update_datetime`,`remark`,`company_code`) VALUES ('SM201811231702187277122','SM2018112217280073622678','白名单','1','/userquery/whitelist.htm',3,'UCOIN201700000000000001','2018-11-27 15:07:45','白名单','CD-YLQ000014');
INSERT INTO `tsys_menu` (`code`,`parent_code`,`name`,`type`,`url`,`order_no`,`updater`,`update_datetime`,`remark`,`company_code`) VALUES ('SM2018112317024866318847','SM2018112217280073622678','黑名单','1','/userquery/blacklist.htm',4,'UCOIN201700000000000001','2018-11-27 15:07:29','黑名单','CD-YLQ000014');
INSERT INTO `tsys_menu` (`code`,`parent_code`,`name`,`type`,`url`,`order_no`,`updater`,`update_datetime`,`remark`,`company_code`) VALUES ('SM2018112317032246653117','SM2018112317024866318847','详情','2','/detail',8,'UCOIN201700000000000001','2018-12-13 18:09:20','黑名单','CD-YLQ000014');
INSERT INTO `tsys_menu` (`code`,`parent_code`,`name`,`type`,`url`,`order_no`,`updater`,`update_datetime`,`remark`,`company_code`) VALUES ('SM2018112317040474515601','SM2018112317024866318847','导出','2','/export',9,'UCOIN201700000000000001','2018-12-13 18:09:13','黑名单','CD-YLQ000014');
INSERT INTO `tsys_menu` (`code`,`parent_code`,`name`,`type`,`url`,`order_no`,`updater`,`update_datetime`,`remark`,`company_code`) VALUES ('SM2018112317053576692801','SM2018112317024866318847','最新报告','2','/newreport',3,'UCOIN201700000000000001','2018-12-13 16:50:20','黑名单','CD-YLQ000014');
INSERT INTO `tsys_menu` (`code`,`parent_code`,`name`,`type`,`url`,`order_no`,`updater`,`update_datetime`,`remark`,`company_code`) VALUES ('SM2018112317061468761334','SM2018112317024866318847','报告列表','2','/checklist',4,'UCOIN201700000000000001','2018-11-24 15:23:49','黑名单','CD-YLQ000014');
INSERT INTO `tsys_menu` (`code`,`parent_code`,`name`,`type`,`url`,`order_no`,`updater`,`update_datetime`,`remark`,`company_code`) VALUES ('SM2018112317074538354727','SM201811231702187277122','详情','2','/detail',8,'UCOIN201700000000000001','2018-12-13 18:08:53','白名单','CD-YLQ000014');
INSERT INTO `tsys_menu` (`code`,`parent_code`,`name`,`type`,`url`,`order_no`,`updater`,`update_datetime`,`remark`,`company_code`) VALUES ('SM201811231708193523422','SM201811231702187277122','导出','2','/export',9,'UCOIN201700000000000001','2018-12-13 18:08:43','白名单','CD-YLQ000014');
INSERT INTO `tsys_menu` (`code`,`parent_code`,`name`,`type`,`url`,`order_no`,`updater`,`update_datetime`,`remark`,`company_code`) VALUES ('SM2018112317085139138339','SM201811231702187277122','最新报告','2','/newreport',3,'UCOIN201700000000000001','2018-12-13 16:50:27','白名单','CD-YLQ000014');
INSERT INTO `tsys_menu` (`code`,`parent_code`,`name`,`type`,`url`,`order_no`,`updater`,`update_datetime`,`remark`,`company_code`) VALUES ('SM2018112317093917871051','SM201811231702187277122','报告列表','2','/checklist',4,'UCOIN201700000000000001','2018-11-24 15:24:04','白名单','CD-YLQ000014');
INSERT INTO `tsys_menu` (`code`,`parent_code`,`name`,`type`,`url`,`order_no`,`updater`,`update_datetime`,`remark`,`company_code`) VALUES ('SM201811261641138451601','COINSM201700001000000001','系统参数管理','1','#',3,'UCOIN201700000000000001','2018-11-26 16:42:08','系统参数管理','CD-YLQ000014');
INSERT INTO `tsys_menu` (`code`,`parent_code`,`name`,`type`,`url`,`order_no`,`updater`,`update_datetime`,`remark`,`company_code`) VALUES ('SM201811261725373899629','SM201811261641138451601','图片参数管理','1','/buyads/buyads.htm',2,'UCOIN201700000000000001','2018-12-14 13:36:48','系统参数管理','CD-YLQ000014');
INSERT INTO `tsys_menu` (`code`,`parent_code`,`name`,`type`,`url`,`order_no`,`updater`,`update_datetime`,`remark`,`company_code`) VALUES ('SM2018112617524604198112','SM2018112616431630810736','修改','2','/edit',1,'UCOIN201700000000000001','2018-11-26 17:52:46','Android版本管理','CD-YLQ000014');
INSERT INTO `tsys_menu` (`code`,`parent_code`,`name`,`type`,`url`,`order_no`,`updater`,`update_datetime`,`remark`,`company_code`) VALUES ('SM2018112617535982332199','SM2018112616435328522069','修改','2','/edit',1,'UCOIN201700000000000001','2018-11-26 17:53:59','IOS版本管理','CD-YLQ000014');
INSERT INTO `tsys_menu` (`code`,`parent_code`,`name`,`type`,`url`,`order_no`,`updater`,`update_datetime`,`remark`,`company_code`) VALUES ('SM2018112617545462627009','SM201811261725373899629','修改','2','/edit',1,'UCOIN201700000000000001','2018-11-26 17:54:54','图片参数管理','CD-YLQ000014');
INSERT INTO `tsys_menu` (`code`,`parent_code`,`name`,`type`,`url`,`order_no`,`updater`,`update_datetime`,`remark`,`company_code`) VALUES ('SM2018112715133430560455','CD201809281504368347161','详情','2','/detail',1,'UCOIN201700000000000001','2018-11-27 15:13:34','平台流水','CD-YLQ000014');
INSERT INTO `tsys_menu` (`code`,`parent_code`,`name`,`type`,`url`,`order_no`,`updater`,`update_datetime`,`remark`,`company_code`) VALUES ('SM2018112718283571390402','SM201811231702187277122','移除白名单','2','/deletewhite',5,'UCOIN201700000000000001','2018-11-27 18:29:45','白名单','CD-YLQ000014');
INSERT INTO `tsys_menu` (`code`,`parent_code`,`name`,`type`,`url`,`order_no`,`updater`,`update_datetime`,`remark`,`company_code`) VALUES ('SM2018112718293736344254','SM2018112317024866318847','移除黑名单','2','/deleteblack',5,'UCOIN201700000000000001','2018-11-27 18:29:37','黑名单','CD-YLQ000014');
INSERT INTO `tsys_menu` (`code`,`parent_code`,`name`,`type`,`url`,`order_no`,`updater`,`update_datetime`,`remark`,`company_code`) VALUES ('SM2018121110152595552226','SM201811261641138451601','认证接口费用管理','1','/general/andmanagement.htm',3,'UCOIN201700000000000001','2018-12-14 13:37:18','','CD-YLQ000014');
INSERT INTO `tsys_menu` (`code`,`parent_code`,`name`,`type`,`url`,`order_no`,`updater`,`update_datetime`,`remark`,`company_code`) VALUES ('SM2018121110254043868268','SM2018121110152595552226','修改','2','/edit',1,'UCOIN201700000000000001','2018-12-11 10:26:19','认证接口费用管理','CD-YLQ000014');
INSERT INTO `tsys_menu` (`code`,`parent_code`,`name`,`type`,`url`,`order_no`,`updater`,`update_datetime`,`remark`,`company_code`) VALUES ('SM2018121114341209482029','SM2018112310390708410646','导出','2','/export',9,'UCOIN201700000000000001','2018-12-11 14:34:12','用户库','CD-YLQ000014');
INSERT INTO `tsys_menu` (`code`,`parent_code`,`name`,`type`,`url`,`order_no`,`updater`,`update_datetime`,`remark`,`company_code`) VALUES ('SM2018121200572532023764','SM2018112216151399386183','详情','2','/detail',8,'U2018121319275730738078','2018-12-12 01:43:35','客户管理','CD-YLQ000014');
INSERT INTO `tsys_menu` (`code`,`parent_code`,`name`,`type`,`url`,`order_no`,`updater`,`update_datetime`,`remark`,`company_code`) VALUES ('SM2018121311351315644690','SM2018112310390708410646','报告列表','2','/checklist',2,'UCOIN201700000000000001','2018-12-13 11:35:47','用户库','CD-YLQ000014');
INSERT INTO `tsys_menu` (`code`,`parent_code`,`name`,`type`,`url`,`order_no`,`updater`,`update_datetime`,`remark`,`company_code`) VALUES ('SM201812131136387179350','SM2018112310390708410646','最新报告','2','/newreport',3,'UCOIN201700000000000001','2018-12-13 16:22:31','用户库','CD-YLQ000014');
INSERT INTO `tsys_menu` (`code`,`parent_code`,`name`,`type`,`url`,`order_no`,`updater`,`update_datetime`,`remark`,`company_code`) VALUES ('SM2018121412163077586713','CD201809281509450622929','详情','2','/detail',6,'U2018121319275730738078','2018-12-14 12:16:30','线下取现','CD-YLQ000014');
INSERT INTO `tsys_menu` (`code`,`parent_code`,`name`,`type`,`url`,`order_no`,`updater`,`update_datetime`,`remark`,`company_code`) VALUES ('SM2018121413352511750886','SM201811261641138451601','文章管理','1','/general/articlemanagement.htm',1,'UCOIN201700000000000001','2018-12-14 14:17:03','文章管理','CD-YLQ000014');
INSERT INTO `tsys_menu` (`code`,`parent_code`,`name`,`type`,`url`,`order_no`,`updater`,`update_datetime`,`remark`,`company_code`) VALUES ('SM201812141347228495229','SM2018121413352511750886','修改','2','/edit',1,'UCOIN201700000000000001','2018-12-14 13:47:22','文章管理','CD-YLQ000014');


/*
-- Query: SELECT * FROM dev_xn_ylq.tsys_menu_role where company_code="CD-YLQ000014"
LIMIT 0, 5000

-- Date: 2018-12-14 16:30
*/
INSERT INTO `tsys_menu_role` (`id`,`role_code`,`menu_code`,`updater`,`update_datetime`,`remark`,`company_code`) VALUES (377,'SR2018113016561397037626','SM2018112215412039549686','UCOIN201700000000000001','2018-11-30 16:56:23',NULL,'CD-YLQ000014');
INSERT INTO `tsys_menu_role` (`id`,`role_code`,`menu_code`,`updater`,`update_datetime`,`remark`,`company_code`) VALUES (378,'SR2018113016561397037626','SM2018112216130266275339','UCOIN201700000000000001','2018-11-30 16:56:23',NULL,'CD-YLQ000014');
INSERT INTO `tsys_menu_role` (`id`,`role_code`,`menu_code`,`updater`,`update_datetime`,`remark`,`company_code`) VALUES (379,'SR2018113016561397037626','SM2018112216185349368644','UCOIN201700000000000001','2018-11-30 16:56:23',NULL,'CD-YLQ000014');
INSERT INTO `tsys_menu_role` (`id`,`role_code`,`menu_code`,`updater`,`update_datetime`,`remark`,`company_code`) VALUES (380,'SR2018113016561397037626','SM2018112216151399386183','UCOIN201700000000000001','2018-11-30 16:56:23',NULL,'CD-YLQ000014');
INSERT INTO `tsys_menu_role` (`id`,`role_code`,`menu_code`,`updater`,`update_datetime`,`remark`,`company_code`) VALUES (381,'SR2018113016561397037626','SM2018112216241697752682','UCOIN201700000000000001','2018-11-30 16:56:23',NULL,'CD-YLQ000014');
INSERT INTO `tsys_menu_role` (`id`,`role_code`,`menu_code`,`updater`,`update_datetime`,`remark`,`company_code`) VALUES (382,'SR2018113016561397037626','SM2018112216471048559565','UCOIN201700000000000001','2018-11-30 16:56:23',NULL,'CD-YLQ000014');
INSERT INTO `tsys_menu_role` (`id`,`role_code`,`menu_code`,`updater`,`update_datetime`,`remark`,`company_code`) VALUES (383,'SR2018113016561397037626','SM2018112216493855076184','UCOIN201700000000000001','2018-11-30 16:56:23',NULL,'CD-YLQ000014');
INSERT INTO `tsys_menu_role` (`id`,`role_code`,`menu_code`,`updater`,`update_datetime`,`remark`,`company_code`) VALUES (384,'SR2018113016561397037626','SM201811221722496062711','UCOIN201700000000000001','2018-11-30 16:56:23',NULL,'CD-YLQ000014');
INSERT INTO `tsys_menu_role` (`id`,`role_code`,`menu_code`,`updater`,`update_datetime`,`remark`,`company_code`) VALUES (385,'SR2018113016561397037626','SM2018112217543925391903','UCOIN201700000000000001','2018-11-30 16:56:23',NULL,'CD-YLQ000014');
INSERT INTO `tsys_menu_role` (`id`,`role_code`,`menu_code`,`updater`,`update_datetime`,`remark`,`company_code`) VALUES (386,'SR2018113016561397037626','SM2018112217554410927661','UCOIN201700000000000001','2018-11-30 16:56:23',NULL,'CD-YLQ000014');
INSERT INTO `tsys_menu_role` (`id`,`role_code`,`menu_code`,`updater`,`update_datetime`,`remark`,`company_code`) VALUES (387,'SR2018113016561397037626','SM2018112217280073622678','UCOIN201700000000000001','2018-11-30 16:56:23',NULL,'CD-YLQ000014');
INSERT INTO `tsys_menu_role` (`id`,`role_code`,`menu_code`,`updater`,`update_datetime`,`remark`,`company_code`) VALUES (388,'SR2018113016561397037626','SM2018112310390708410646','UCOIN201700000000000001','2018-11-30 16:56:23',NULL,'CD-YLQ000014');
INSERT INTO `tsys_menu_role` (`id`,`role_code`,`menu_code`,`updater`,`update_datetime`,`remark`,`company_code`) VALUES (389,'SR2018113016561397037626','SM2018112310571597513851','UCOIN201700000000000001','2018-11-30 16:56:23',NULL,'CD-YLQ000014');
INSERT INTO `tsys_menu_role` (`id`,`role_code`,`menu_code`,`updater`,`update_datetime`,`remark`,`company_code`) VALUES (390,'SR2018113016561397037626','SM2018112310581257536127','UCOIN201700000000000001','2018-11-30 16:56:23',NULL,'CD-YLQ000014');
INSERT INTO `tsys_menu_role` (`id`,`role_code`,`menu_code`,`updater`,`update_datetime`,`remark`,`company_code`) VALUES (391,'SR2018113016561397037626','SM2018112310590707089972','UCOIN201700000000000001','2018-11-30 16:56:23',NULL,'CD-YLQ000014');
INSERT INTO `tsys_menu_role` (`id`,`role_code`,`menu_code`,`updater`,`update_datetime`,`remark`,`company_code`) VALUES (392,'SR2018113016561397037626','SM201811231059497991708','UCOIN201700000000000001','2018-11-30 16:56:23',NULL,'CD-YLQ000014');
INSERT INTO `tsys_menu_role` (`id`,`role_code`,`menu_code`,`updater`,`update_datetime`,`remark`,`company_code`) VALUES (393,'SR2018113016561397037626','SM2018112311003561817698','UCOIN201700000000000001','2018-11-30 16:56:23',NULL,'CD-YLQ000014');
INSERT INTO `tsys_menu_role` (`id`,`role_code`,`menu_code`,`updater`,`update_datetime`,`remark`,`company_code`) VALUES (394,'SR2018113016561397037626','SM2018112316583571416488','UCOIN201700000000000001','2018-11-30 16:56:23',NULL,'CD-YLQ000014');
INSERT INTO `tsys_menu_role` (`id`,`role_code`,`menu_code`,`updater`,`update_datetime`,`remark`,`company_code`) VALUES (395,'SR2018113016561397037626','SM2018112317012394688181','UCOIN201700000000000001','2018-11-30 16:56:23',NULL,'CD-YLQ000014');
INSERT INTO `tsys_menu_role` (`id`,`role_code`,`menu_code`,`updater`,`update_datetime`,`remark`,`company_code`) VALUES (396,'SR2018113016561397037626','SM201811231702187277122','UCOIN201700000000000001','2018-11-30 16:56:23',NULL,'CD-YLQ000014');
INSERT INTO `tsys_menu_role` (`id`,`role_code`,`menu_code`,`updater`,`update_datetime`,`remark`,`company_code`) VALUES (397,'SR2018113016561397037626','SM2018112317074538354727','UCOIN201700000000000001','2018-11-30 16:56:23',NULL,'CD-YLQ000014');
INSERT INTO `tsys_menu_role` (`id`,`role_code`,`menu_code`,`updater`,`update_datetime`,`remark`,`company_code`) VALUES (398,'SR2018113016561397037626','SM201811231708193523422','UCOIN201700000000000001','2018-11-30 16:56:23',NULL,'CD-YLQ000014');
INSERT INTO `tsys_menu_role` (`id`,`role_code`,`menu_code`,`updater`,`update_datetime`,`remark`,`company_code`) VALUES (399,'SR2018113016561397037626','SM2018112317085139138339','UCOIN201700000000000001','2018-11-30 16:56:23',NULL,'CD-YLQ000014');
INSERT INTO `tsys_menu_role` (`id`,`role_code`,`menu_code`,`updater`,`update_datetime`,`remark`,`company_code`) VALUES (400,'SR2018113016561397037626','SM2018112317093917871051','UCOIN201700000000000001','2018-11-30 16:56:23',NULL,'CD-YLQ000014');
INSERT INTO `tsys_menu_role` (`id`,`role_code`,`menu_code`,`updater`,`update_datetime`,`remark`,`company_code`) VALUES (401,'SR2018113016561397037626','SM2018112718283571390402','UCOIN201700000000000001','2018-11-30 16:56:23',NULL,'CD-YLQ000014');
INSERT INTO `tsys_menu_role` (`id`,`role_code`,`menu_code`,`updater`,`update_datetime`,`remark`,`company_code`) VALUES (402,'SR2018113016561397037626','SM2018112317024866318847','UCOIN201700000000000001','2018-11-30 16:56:23',NULL,'CD-YLQ000014');
INSERT INTO `tsys_menu_role` (`id`,`role_code`,`menu_code`,`updater`,`update_datetime`,`remark`,`company_code`) VALUES (403,'SR2018113016561397037626','SM2018112317032246653117','UCOIN201700000000000001','2018-11-30 16:56:23',NULL,'CD-YLQ000014');
INSERT INTO `tsys_menu_role` (`id`,`role_code`,`menu_code`,`updater`,`update_datetime`,`remark`,`company_code`) VALUES (404,'SR2018113016561397037626','SM2018112317040474515601','UCOIN201700000000000001','2018-11-30 16:56:23',NULL,'CD-YLQ000014');
INSERT INTO `tsys_menu_role` (`id`,`role_code`,`menu_code`,`updater`,`update_datetime`,`remark`,`company_code`) VALUES (405,'SR2018113016561397037626','SM2018112317053576692801','UCOIN201700000000000001','2018-11-30 16:56:24',NULL,'CD-YLQ000014');
INSERT INTO `tsys_menu_role` (`id`,`role_code`,`menu_code`,`updater`,`update_datetime`,`remark`,`company_code`) VALUES (406,'SR2018113016561397037626','SM2018112317061468761334','UCOIN201700000000000001','2018-11-30 16:56:24',NULL,'CD-YLQ000014');
INSERT INTO `tsys_menu_role` (`id`,`role_code`,`menu_code`,`updater`,`update_datetime`,`remark`,`company_code`) VALUES (407,'SR2018113016561397037626','SM2018112718293736344254','UCOIN201700000000000001','2018-11-30 16:56:24',NULL,'CD-YLQ000014');
INSERT INTO `tsys_menu_role` (`id`,`role_code`,`menu_code`,`updater`,`update_datetime`,`remark`,`company_code`) VALUES (7581,'COINSR201700000000000000','CD201809281458013408308','UCOIN201700000000000001','2018-12-14 13:48:58',NULL,'CD-YLQ000014');
INSERT INTO `tsys_menu_role` (`id`,`role_code`,`menu_code`,`updater`,`update_datetime`,`remark`,`company_code`) VALUES (7582,'COINSR201700000000000000','CD201809281509063426888','UCOIN201700000000000001','2018-12-14 13:48:58',NULL,'CD-YLQ000014');
INSERT INTO `tsys_menu_role` (`id`,`role_code`,`menu_code`,`updater`,`update_datetime`,`remark`,`company_code`) VALUES (7583,'COINSR201700000000000000','CD201809281509450622929','UCOIN201700000000000001','2018-12-14 13:48:58',NULL,'CD-YLQ000014');
INSERT INTO `tsys_menu_role` (`id`,`role_code`,`menu_code`,`updater`,`update_datetime`,`remark`,`company_code`) VALUES (7584,'COINSR201700000000000000','CD201809292102317412562','UCOIN201700000000000001','2018-12-14 13:48:58',NULL,'CD-YLQ000014');
INSERT INTO `tsys_menu_role` (`id`,`role_code`,`menu_code`,`updater`,`update_datetime`,`remark`,`company_code`) VALUES (7585,'COINSR201700000000000000','CD201810042325430956759','UCOIN201700000000000001','2018-12-14 13:48:58',NULL,'CD-YLQ000014');
INSERT INTO `tsys_menu_role` (`id`,`role_code`,`menu_code`,`updater`,`update_datetime`,`remark`,`company_code`) VALUES (7586,'COINSR201700000000000000','CD201810042326100774694','UCOIN201700000000000001','2018-12-14 13:48:58',NULL,'CD-YLQ000014');
INSERT INTO `tsys_menu_role` (`id`,`role_code`,`menu_code`,`updater`,`update_datetime`,`remark`,`company_code`) VALUES (7587,'COINSR201700000000000000','CD201810042327114493874','UCOIN201700000000000001','2018-12-14 13:48:58',NULL,'CD-YLQ000014');
INSERT INTO `tsys_menu_role` (`id`,`role_code`,`menu_code`,`updater`,`update_datetime`,`remark`,`company_code`) VALUES (7588,'COINSR201700000000000000','CD201810042352267473712','UCOIN201700000000000001','2018-12-14 13:48:58',NULL,'CD-YLQ000014');
INSERT INTO `tsys_menu_role` (`id`,`role_code`,`menu_code`,`updater`,`update_datetime`,`remark`,`company_code`) VALUES (7589,'COINSR201700000000000000','CD201810050104422483297','UCOIN201700000000000001','2018-12-14 13:48:58',NULL,'CD-YLQ000014');
INSERT INTO `tsys_menu_role` (`id`,`role_code`,`menu_code`,`updater`,`update_datetime`,`remark`,`company_code`) VALUES (7590,'COINSR201700000000000000','CD201810050154234414919','UCOIN201700000000000001','2018-12-14 13:48:58',NULL,'CD-YLQ000014');
INSERT INTO `tsys_menu_role` (`id`,`role_code`,`menu_code`,`updater`,`update_datetime`,`remark`,`company_code`) VALUES (7591,'COINSR201700000000000000','CD201810051837019382814','UCOIN201700000000000001','2018-12-14 13:48:58',NULL,'CD-YLQ000014');
INSERT INTO `tsys_menu_role` (`id`,`role_code`,`menu_code`,`updater`,`update_datetime`,`remark`,`company_code`) VALUES (7592,'COINSR201700000000000000','CD201810061158329263282','UCOIN201700000000000001','2018-12-14 13:48:58',NULL,'CD-YLQ000014');
INSERT INTO `tsys_menu_role` (`id`,`role_code`,`menu_code`,`updater`,`update_datetime`,`remark`,`company_code`) VALUES (7593,'COINSR201700000000000000','CD201810061201298954721','UCOIN201700000000000001','2018-12-14 13:48:58',NULL,'CD-YLQ000014');
INSERT INTO `tsys_menu_role` (`id`,`role_code`,`menu_code`,`updater`,`update_datetime`,`remark`,`company_code`) VALUES (7594,'COINSR201700000000000000','CD2018103121130942498032','UCOIN201700000000000001','2018-12-14 13:48:58',NULL,'CD-YLQ000014');
INSERT INTO `tsys_menu_role` (`id`,`role_code`,`menu_code`,`updater`,`update_datetime`,`remark`,`company_code`) VALUES (7595,'COINSR201700000000000000','CD2018111420444714344443','UCOIN201700000000000001','2018-12-14 13:48:58',NULL,'CD-YLQ000014');
INSERT INTO `tsys_menu_role` (`id`,`role_code`,`menu_code`,`updater`,`update_datetime`,`remark`,`company_code`) VALUES (7596,'COINSR201700000000000000','CD2018111615313723721071','UCOIN201700000000000001','2018-12-14 13:48:58',NULL,'CD-YLQ000014');
INSERT INTO `tsys_menu_role` (`id`,`role_code`,`menu_code`,`updater`,`update_datetime`,`remark`,`company_code`) VALUES (7597,'COINSR201700000000000000','COINSM201700000000000000','UCOIN201700000000000001','2018-12-14 13:48:58',NULL,'CD-YLQ000014');
INSERT INTO `tsys_menu_role` (`id`,`role_code`,`menu_code`,`updater`,`update_datetime`,`remark`,`company_code`) VALUES (7598,'COINSR201700000000000000','COINSM201700001000000001','UCOIN201700000000000001','2018-12-14 13:48:58',NULL,'CD-YLQ000014');
INSERT INTO `tsys_menu_role` (`id`,`role_code`,`menu_code`,`updater`,`update_datetime`,`remark`,`company_code`) VALUES (7599,'COINSR201700000000000000','COINSM201700001000000003','UCOIN201700000000000001','2018-12-14 13:48:58',NULL,'CD-YLQ000014');
INSERT INTO `tsys_menu_role` (`id`,`role_code`,`menu_code`,`updater`,`update_datetime`,`remark`,`company_code`) VALUES (7600,'COINSR201700000000000000','COINSM201700001000000004','UCOIN201700000000000001','2018-12-14 13:48:58',NULL,'CD-YLQ000014');
INSERT INTO `tsys_menu_role` (`id`,`role_code`,`menu_code`,`updater`,`update_datetime`,`remark`,`company_code`) VALUES (7601,'COINSR201700000000000000','COINSM2017033020015631166','UCOIN201700000000000001','2018-12-14 13:48:58',NULL,'CD-YLQ000014');
INSERT INTO `tsys_menu_role` (`id`,`role_code`,`menu_code`,`updater`,`update_datetime`,`remark`,`company_code`) VALUES (7602,'COINSR201700000000000000','COINSM2017101716241339082','UCOIN201700000000000001','2018-12-14 13:48:58',NULL,'CD-YLQ000014');
INSERT INTO `tsys_menu_role` (`id`,`role_code`,`menu_code`,`updater`,`update_datetime`,`remark`,`company_code`) VALUES (7603,'COINSR201700000000000000','COINSM2017101716253866426','UCOIN201700000000000001','2018-12-14 13:48:58',NULL,'CD-YLQ000014');
INSERT INTO `tsys_menu_role` (`id`,`role_code`,`menu_code`,`updater`,`update_datetime`,`remark`,`company_code`) VALUES (7604,'COINSR201700000000000000','COINSM2017101717551955993','UCOIN201700000000000001','2018-12-14 13:48:58',NULL,'CD-YLQ000014');
INSERT INTO `tsys_menu_role` (`id`,`role_code`,`menu_code`,`updater`,`update_datetime`,`remark`,`company_code`) VALUES (7605,'COINSR201700000000000000','COINSM2017101719082391126','UCOIN201700000000000001','2018-12-14 13:48:58',NULL,'CD-YLQ000014');
INSERT INTO `tsys_menu_role` (`id`,`role_code`,`menu_code`,`updater`,`update_datetime`,`remark`,`company_code`) VALUES (7606,'COINSR201700000000000000','SM2018112216130266275339','UCOIN201700000000000001','2018-12-14 13:48:58',NULL,'CD-YLQ000014');
INSERT INTO `tsys_menu_role` (`id`,`role_code`,`menu_code`,`updater`,`update_datetime`,`remark`,`company_code`) VALUES (7607,'COINSR201700000000000000','SM2018112216185349368644','UCOIN201700000000000001','2018-12-14 13:48:58',NULL,'CD-YLQ000014');
INSERT INTO `tsys_menu_role` (`id`,`role_code`,`menu_code`,`updater`,`update_datetime`,`remark`,`company_code`) VALUES (7608,'COINSR201700000000000000','SM2018112217543925391903','UCOIN201700000000000001','2018-12-14 13:48:58',NULL,'CD-YLQ000014');
INSERT INTO `tsys_menu_role` (`id`,`role_code`,`menu_code`,`updater`,`update_datetime`,`remark`,`company_code`) VALUES (7609,'COINSR201700000000000000','SM2018112309372954820712','UCOIN201700000000000001','2018-12-14 13:48:58',NULL,'CD-YLQ000014');
INSERT INTO `tsys_menu_role` (`id`,`role_code`,`menu_code`,`updater`,`update_datetime`,`remark`,`company_code`) VALUES (7610,'COINSR201700000000000000','SM2018112310390708410646','UCOIN201700000000000001','2018-12-14 13:48:58',NULL,'CD-YLQ000014');
INSERT INTO `tsys_menu_role` (`id`,`role_code`,`menu_code`,`updater`,`update_datetime`,`remark`,`company_code`) VALUES (7611,'COINSR201700000000000000','SM2018112617545462627009','UCOIN201700000000000001','2018-12-14 13:48:58',NULL,'CD-YLQ000014');
INSERT INTO `tsys_menu_role` (`id`,`role_code`,`menu_code`,`updater`,`update_datetime`,`remark`,`company_code`) VALUES (7612,'COINSR201700000000000000','SM2018112715133430560455','UCOIN201700000000000001','2018-12-14 13:48:58',NULL,'CD-YLQ000014');
INSERT INTO `tsys_menu_role` (`id`,`role_code`,`menu_code`,`updater`,`update_datetime`,`remark`,`company_code`) VALUES (7613,'COINSR201700000000000000','SM2018121110254043868268','UCOIN201700000000000001','2018-12-14 13:48:58',NULL,'CD-YLQ000014');
INSERT INTO `tsys_menu_role` (`id`,`role_code`,`menu_code`,`updater`,`update_datetime`,`remark`,`company_code`) VALUES (7614,'COINSR201700000000000000','SM2018121413352511750886','UCOIN201700000000000001','2018-12-14 13:48:58',NULL,'CD-YLQ000014');
INSERT INTO `tsys_menu_role` (`id`,`role_code`,`menu_code`,`updater`,`update_datetime`,`remark`,`company_code`) VALUES (7615,'COINSR201700000000000000','SM201812141347228495229','UCOIN201700000000000001','2018-12-14 13:48:58',NULL,'CD-YLQ000014');
INSERT INTO `tsys_menu_role` (`id`,`role_code`,`menu_code`,`updater`,`update_datetime`,`remark`,`company_code`) VALUES (7616,'COINSR201700000000000000','CD201809281507086522935','UCOIN201700000000000001','2018-12-14 13:48:58',NULL,'CD-YLQ000014');
INSERT INTO `tsys_menu_role` (`id`,`role_code`,`menu_code`,`updater`,`update_datetime`,`remark`,`company_code`) VALUES (7617,'COINSR201700000000000000','CD201809292103266638972','UCOIN201700000000000001','2018-12-14 13:48:58',NULL,'CD-YLQ000014');
INSERT INTO `tsys_menu_role` (`id`,`role_code`,`menu_code`,`updater`,`update_datetime`,`remark`,`company_code`) VALUES (7618,'COINSR201700000000000000','CD201810050105538468486','UCOIN201700000000000001','2018-12-14 13:48:58',NULL,'CD-YLQ000014');
INSERT INTO `tsys_menu_role` (`id`,`role_code`,`menu_code`,`updater`,`update_datetime`,`remark`,`company_code`) VALUES (7619,'COINSR201700000000000000','CD201810050154373965588','UCOIN201700000000000001','2018-12-14 13:48:58',NULL,'CD-YLQ000014');
INSERT INTO `tsys_menu_role` (`id`,`role_code`,`menu_code`,`updater`,`update_datetime`,`remark`,`company_code`) VALUES (7620,'COINSR201700000000000000','CD201810061200553476264','UCOIN201700000000000001','2018-12-14 13:48:58',NULL,'CD-YLQ000014');
INSERT INTO `tsys_menu_role` (`id`,`role_code`,`menu_code`,`updater`,`update_datetime`,`remark`,`company_code`) VALUES (7621,'COINSR201700000000000000','CD201810061201456666951','UCOIN201700000000000001','2018-12-14 13:48:58',NULL,'CD-YLQ000014');
INSERT INTO `tsys_menu_role` (`id`,`role_code`,`menu_code`,`updater`,`update_datetime`,`remark`,`company_code`) VALUES (7622,'COINSR201700000000000000','COINSM201700001000000002','UCOIN201700000000000001','2018-12-14 13:48:58',NULL,'CD-YLQ000014');
INSERT INTO `tsys_menu_role` (`id`,`role_code`,`menu_code`,`updater`,`update_datetime`,`remark`,`company_code`) VALUES (7623,'COINSR201700000000000000','COINSM2017032911200961325','UCOIN201700000000000001','2018-12-14 13:48:58',NULL,'CD-YLQ000014');
INSERT INTO `tsys_menu_role` (`id`,`role_code`,`menu_code`,`updater`,`update_datetime`,`remark`,`company_code`) VALUES (7624,'COINSR201700000000000000','COINSM2017033020021094115','UCOIN201700000000000001','2018-12-14 13:48:58',NULL,'CD-YLQ000014');
INSERT INTO `tsys_menu_role` (`id`,`role_code`,`menu_code`,`updater`,`update_datetime`,`remark`,`company_code`) VALUES (7625,'COINSR201700000000000000','COINSM2017101716261754674','UCOIN201700000000000001','2018-12-14 13:48:59',NULL,'CD-YLQ000014');
INSERT INTO `tsys_menu_role` (`id`,`role_code`,`menu_code`,`updater`,`update_datetime`,`remark`,`company_code`) VALUES (7626,'COINSR201700000000000000','COINSM2017101717560118734','UCOIN201700000000000001','2018-12-14 13:48:59',NULL,'CD-YLQ000014');
INSERT INTO `tsys_menu_role` (`id`,`role_code`,`menu_code`,`updater`,`update_datetime`,`remark`,`company_code`) VALUES (7627,'COINSR201700000000000000','COINSM2017101719094151894','UCOIN201700000000000001','2018-12-14 13:48:59',NULL,'CD-YLQ000014');
INSERT INTO `tsys_menu_role` (`id`,`role_code`,`menu_code`,`updater`,`update_datetime`,`remark`,`company_code`) VALUES (7628,'COINSR201700000000000000','SM2018112215412039549686','UCOIN201700000000000001','2018-12-14 13:48:59',NULL,'CD-YLQ000014');
INSERT INTO `tsys_menu_role` (`id`,`role_code`,`menu_code`,`updater`,`update_datetime`,`remark`,`company_code`) VALUES (7629,'COINSR201700000000000000','SM2018112216151399386183','UCOIN201700000000000001','2018-12-14 13:48:59',NULL,'CD-YLQ000014');
INSERT INTO `tsys_menu_role` (`id`,`role_code`,`menu_code`,`updater`,`update_datetime`,`remark`,`company_code`) VALUES (7630,'COINSR201700000000000000','SM2018112216241697752682','UCOIN201700000000000001','2018-12-14 13:48:59',NULL,'CD-YLQ000014');
INSERT INTO `tsys_menu_role` (`id`,`role_code`,`menu_code`,`updater`,`update_datetime`,`remark`,`company_code`) VALUES (7631,'COINSR201700000000000000','SM2018112217280073622678','UCOIN201700000000000001','2018-12-14 13:48:59',NULL,'CD-YLQ000014');
INSERT INTO `tsys_menu_role` (`id`,`role_code`,`menu_code`,`updater`,`update_datetime`,`remark`,`company_code`) VALUES (7632,'COINSR201700000000000000','SM2018112217554410927661','UCOIN201700000000000001','2018-12-14 13:48:59',NULL,'CD-YLQ000014');
INSERT INTO `tsys_menu_role` (`id`,`role_code`,`menu_code`,`updater`,`update_datetime`,`remark`,`company_code`) VALUES (7633,'COINSR201700000000000000','SM2018112310125340020654','UCOIN201700000000000001','2018-12-14 13:48:59',NULL,'CD-YLQ000014');
INSERT INTO `tsys_menu_role` (`id`,`role_code`,`menu_code`,`updater`,`update_datetime`,`remark`,`company_code`) VALUES (7634,'COINSR201700000000000000','SM2018112310571597513851','UCOIN201700000000000001','2018-12-14 13:48:59',NULL,'CD-YLQ000014');
INSERT INTO `tsys_menu_role` (`id`,`role_code`,`menu_code`,`updater`,`update_datetime`,`remark`,`company_code`) VALUES (7635,'COINSR201700000000000000','SM2018112316583571416488','UCOIN201700000000000001','2018-12-14 13:48:59',NULL,'CD-YLQ000014');
INSERT INTO `tsys_menu_role` (`id`,`role_code`,`menu_code`,`updater`,`update_datetime`,`remark`,`company_code`) VALUES (7636,'COINSR201700000000000000','SM201811261725373899629','UCOIN201700000000000001','2018-12-14 13:48:59',NULL,'CD-YLQ000014');
INSERT INTO `tsys_menu_role` (`id`,`role_code`,`menu_code`,`updater`,`update_datetime`,`remark`,`company_code`) VALUES (7637,'COINSR201700000000000000','SM2018121311351315644690','UCOIN201700000000000001','2018-12-14 13:48:59',NULL,'CD-YLQ000014');
INSERT INTO `tsys_menu_role` (`id`,`role_code`,`menu_code`,`updater`,`update_datetime`,`remark`,`company_code`) VALUES (7638,'COINSR201700000000000000','CD201809281458246867562','UCOIN201700000000000001','2018-12-14 13:48:59',NULL,'CD-YLQ000014');
INSERT INTO `tsys_menu_role` (`id`,`role_code`,`menu_code`,`updater`,`update_datetime`,`remark`,`company_code`) VALUES (7639,'COINSR201700000000000000','CD201809281458530008193','UCOIN201700000000000001','2018-12-14 13:48:59',NULL,'CD-YLQ000014');
INSERT INTO `tsys_menu_role` (`id`,`role_code`,`menu_code`,`updater`,`update_datetime`,`remark`,`company_code`) VALUES (7640,'COINSR201700000000000000','CD201809281507479361586','UCOIN201700000000000001','2018-12-14 13:48:59',NULL,'CD-YLQ000014');
INSERT INTO `tsys_menu_role` (`id`,`role_code`,`menu_code`,`updater`,`update_datetime`,`remark`,`company_code`) VALUES (7641,'COINSR201700000000000000','CD201809281510256651980','UCOIN201700000000000001','2018-12-14 13:48:59',NULL,'CD-YLQ000014');
INSERT INTO `tsys_menu_role` (`id`,`role_code`,`menu_code`,`updater`,`update_datetime`,`remark`,`company_code`) VALUES (7642,'COINSR201700000000000000','CD201809292104078866023','UCOIN201700000000000001','2018-12-14 13:48:59',NULL,'CD-YLQ000014');
INSERT INTO `tsys_menu_role` (`id`,`role_code`,`menu_code`,`updater`,`update_datetime`,`remark`,`company_code`) VALUES (7643,'COINSR201700000000000000','CD201810050105195526885','UCOIN201700000000000001','2018-12-14 13:48:59',NULL,'CD-YLQ000014');
INSERT INTO `tsys_menu_role` (`id`,`role_code`,`menu_code`,`updater`,`update_datetime`,`remark`,`company_code`) VALUES (7644,'COINSR201700000000000000','COINSM2017033020022649991','UCOIN201700000000000001','2018-12-14 13:48:59',NULL,'CD-YLQ000014');
INSERT INTO `tsys_menu_role` (`id`,`role_code`,`menu_code`,`updater`,`update_datetime`,`remark`,`company_code`) VALUES (7645,'COINSR201700000000000000','COINSM201708241024194086655','UCOIN201700000000000001','2018-12-14 13:48:59',NULL,'CD-YLQ000014');
INSERT INTO `tsys_menu_role` (`id`,`role_code`,`menu_code`,`updater`,`update_datetime`,`remark`,`company_code`) VALUES (7646,'COINSR201700000000000000','COINSM2017101717563661357','UCOIN201700000000000001','2018-12-14 13:48:59',NULL,'CD-YLQ000014');
INSERT INTO `tsys_menu_role` (`id`,`role_code`,`menu_code`,`updater`,`update_datetime`,`remark`,`company_code`) VALUES (7647,'COINSR201700000000000000','COINSM2017120610552303416','UCOIN201700000000000001','2018-12-14 13:48:59',NULL,'CD-YLQ000014');
INSERT INTO `tsys_menu_role` (`id`,`role_code`,`menu_code`,`updater`,`update_datetime`,`remark`,`company_code`) VALUES (7648,'COINSR201700000000000000','SM2018112216471048559565','UCOIN201700000000000001','2018-12-14 13:48:59',NULL,'CD-YLQ000014');
INSERT INTO `tsys_menu_role` (`id`,`role_code`,`menu_code`,`updater`,`update_datetime`,`remark`,`company_code`) VALUES (7649,'COINSR201700000000000000','SM201811221722496062711','UCOIN201700000000000001','2018-12-14 13:48:59',NULL,'CD-YLQ000014');
INSERT INTO `tsys_menu_role` (`id`,`role_code`,`menu_code`,`updater`,`update_datetime`,`remark`,`company_code`) VALUES (7650,'COINSR201700000000000000','SM201811231702187277122','UCOIN201700000000000001','2018-12-14 13:48:59',NULL,'CD-YLQ000014');
INSERT INTO `tsys_menu_role` (`id`,`role_code`,`menu_code`,`updater`,`update_datetime`,`remark`,`company_code`) VALUES (7651,'COINSR201700000000000000','SM2018112317053576692801','UCOIN201700000000000001','2018-12-14 13:48:59',NULL,'CD-YLQ000014');
INSERT INTO `tsys_menu_role` (`id`,`role_code`,`menu_code`,`updater`,`update_datetime`,`remark`,`company_code`) VALUES (7652,'COINSR201700000000000000','SM2018112317085139138339','UCOIN201700000000000001','2018-12-14 13:48:59',NULL,'CD-YLQ000014');
INSERT INTO `tsys_menu_role` (`id`,`role_code`,`menu_code`,`updater`,`update_datetime`,`remark`,`company_code`) VALUES (7653,'COINSR201700000000000000','SM201811261641138451601','UCOIN201700000000000001','2018-12-14 13:48:59',NULL,'CD-YLQ000014');
INSERT INTO `tsys_menu_role` (`id`,`role_code`,`menu_code`,`updater`,`update_datetime`,`remark`,`company_code`) VALUES (7654,'COINSR201700000000000000','SM2018121110152595552226','UCOIN201700000000000001','2018-12-14 13:48:59',NULL,'CD-YLQ000014');
INSERT INTO `tsys_menu_role` (`id`,`role_code`,`menu_code`,`updater`,`update_datetime`,`remark`,`company_code`) VALUES (7655,'COINSR201700000000000000','SM201812131136387179350','UCOIN201700000000000001','2018-12-14 13:48:59',NULL,'CD-YLQ000014');
INSERT INTO `tsys_menu_role` (`id`,`role_code`,`menu_code`,`updater`,`update_datetime`,`remark`,`company_code`) VALUES (7656,'COINSR201700000000000000','CD201810050106121877523','UCOIN201700000000000001','2018-12-14 13:48:59',NULL,'CD-YLQ000014');
INSERT INTO `tsys_menu_role` (`id`,`role_code`,`menu_code`,`updater`,`update_datetime`,`remark`,`company_code`) VALUES (7657,'COINSR201700000000000000','CD2018101517393978183610','UCOIN201700000000000001','2018-12-14 13:48:59',NULL,'CD-YLQ000014');
INSERT INTO `tsys_menu_role` (`id`,`role_code`,`menu_code`,`updater`,`update_datetime`,`remark`,`company_code`) VALUES (7658,'COINSR201700000000000000','COINSM201612071021105964','UCOIN201700000000000001','2018-12-14 13:48:59',NULL,'CD-YLQ000014');
INSERT INTO `tsys_menu_role` (`id`,`role_code`,`menu_code`,`updater`,`update_datetime`,`remark`,`company_code`) VALUES (7659,'COINSR201700000000000000','COINSM2017033020024827112','UCOIN201700000000000001','2018-12-14 13:48:59',NULL,'CD-YLQ000014');
INSERT INTO `tsys_menu_role` (`id`,`role_code`,`menu_code`,`updater`,`update_datetime`,`remark`,`company_code`) VALUES (7660,'COINSR201700000000000000','COINSM2017101716450533995','UCOIN201700000000000001','2018-12-14 13:48:59',NULL,'CD-YLQ000014');
INSERT INTO `tsys_menu_role` (`id`,`role_code`,`menu_code`,`updater`,`update_datetime`,`remark`,`company_code`) VALUES (7661,'COINSR201700000000000000','COINSM2017101719100760088','UCOIN201700000000000001','2018-12-14 13:48:59',NULL,'CD-YLQ000014');
INSERT INTO `tsys_menu_role` (`id`,`role_code`,`menu_code`,`updater`,`update_datetime`,`remark`,`company_code`) VALUES (7662,'COINSR201700000000000000','SM2018112216493855076184','UCOIN201700000000000001','2018-12-14 13:48:59',NULL,'CD-YLQ000014');
INSERT INTO `tsys_menu_role` (`id`,`role_code`,`menu_code`,`updater`,`update_datetime`,`remark`,`company_code`) VALUES (7663,'COINSR201700000000000000','SM2018112317024866318847','UCOIN201700000000000001','2018-12-14 13:48:59',NULL,'CD-YLQ000014');
INSERT INTO `tsys_menu_role` (`id`,`role_code`,`menu_code`,`updater`,`update_datetime`,`remark`,`company_code`) VALUES (7664,'COINSR201700000000000000','SM2018112317061468761334','UCOIN201700000000000001','2018-12-14 13:48:59',NULL,'CD-YLQ000014');
INSERT INTO `tsys_menu_role` (`id`,`role_code`,`menu_code`,`updater`,`update_datetime`,`remark`,`company_code`) VALUES (7665,'COINSR201700000000000000','SM2018112317093917871051','UCOIN201700000000000001','2018-12-14 13:48:59',NULL,'CD-YLQ000014');
INSERT INTO `tsys_menu_role` (`id`,`role_code`,`menu_code`,`updater`,`update_datetime`,`remark`,`company_code`) VALUES (7666,'COINSR201700000000000000','CD201809281504013431237','UCOIN201700000000000001','2018-12-14 13:48:59',NULL,'CD-YLQ000014');
INSERT INTO `tsys_menu_role` (`id`,`role_code`,`menu_code`,`updater`,`update_datetime`,`remark`,`company_code`) VALUES (7667,'COINSR201700000000000000','COINSM2017101719110981215','UCOIN201700000000000001','2018-12-14 13:48:59',NULL,'CD-YLQ000014');
INSERT INTO `tsys_menu_role` (`id`,`role_code`,`menu_code`,`updater`,`update_datetime`,`remark`,`company_code`) VALUES (7668,'COINSR201700000000000000','SM201811231059497991708','UCOIN201700000000000001','2018-12-14 13:48:59',NULL,'CD-YLQ000014');
INSERT INTO `tsys_menu_role` (`id`,`role_code`,`menu_code`,`updater`,`update_datetime`,`remark`,`company_code`) VALUES (7669,'COINSR201700000000000000','SM2018112718283571390402','UCOIN201700000000000001','2018-12-14 13:48:59',NULL,'CD-YLQ000014');
INSERT INTO `tsys_menu_role` (`id`,`role_code`,`menu_code`,`updater`,`update_datetime`,`remark`,`company_code`) VALUES (7670,'COINSR201700000000000000','SM2018112718293736344254','UCOIN201700000000000001','2018-12-14 13:48:59',NULL,'CD-YLQ000014');
INSERT INTO `tsys_menu_role` (`id`,`role_code`,`menu_code`,`updater`,`update_datetime`,`remark`,`company_code`) VALUES (7671,'COINSR201700000000000000','CD201809281504368347161','UCOIN201700000000000001','2018-12-14 13:48:59',NULL,'CD-YLQ000014');
INSERT INTO `tsys_menu_role` (`id`,`role_code`,`menu_code`,`updater`,`update_datetime`,`remark`,`company_code`) VALUES (7672,'COINSR201700000000000000','SM2018112311003561817698','UCOIN201700000000000001','2018-12-14 13:48:59',NULL,'CD-YLQ000014');
INSERT INTO `tsys_menu_role` (`id`,`role_code`,`menu_code`,`updater`,`update_datetime`,`remark`,`company_code`) VALUES (7673,'COINSR201700000000000000','SM2018121412163077586713','UCOIN201700000000000001','2018-12-14 13:48:59',NULL,'CD-YLQ000014');
INSERT INTO `tsys_menu_role` (`id`,`role_code`,`menu_code`,`updater`,`update_datetime`,`remark`,`company_code`) VALUES (7674,'COINSR201700000000000000','SM2018112317012394688181','UCOIN201700000000000001','2018-12-14 13:48:59',NULL,'CD-YLQ000014');
INSERT INTO `tsys_menu_role` (`id`,`role_code`,`menu_code`,`updater`,`update_datetime`,`remark`,`company_code`) VALUES (7675,'COINSR201700000000000000','SM2018112317032246653117','UCOIN201700000000000001','2018-12-14 13:48:59',NULL,'CD-YLQ000014');
INSERT INTO `tsys_menu_role` (`id`,`role_code`,`menu_code`,`updater`,`update_datetime`,`remark`,`company_code`) VALUES (7676,'COINSR201700000000000000','SM2018112317074538354727','UCOIN201700000000000001','2018-12-14 13:48:59',NULL,'CD-YLQ000014');
INSERT INTO `tsys_menu_role` (`id`,`role_code`,`menu_code`,`updater`,`update_datetime`,`remark`,`company_code`) VALUES (7677,'COINSR201700000000000000','SM2018121200572532023764','UCOIN201700000000000001','2018-12-14 13:48:59',NULL,'CD-YLQ000014');
INSERT INTO `tsys_menu_role` (`id`,`role_code`,`menu_code`,`updater`,`update_datetime`,`remark`,`company_code`) VALUES (7678,'COINSR201700000000000000','SM2018112317040474515601','UCOIN201700000000000001','2018-12-14 13:48:59',NULL,'CD-YLQ000014');
INSERT INTO `tsys_menu_role` (`id`,`role_code`,`menu_code`,`updater`,`update_datetime`,`remark`,`company_code`) VALUES (7679,'COINSR201700000000000000','SM201811231708193523422','UCOIN201700000000000001','2018-12-14 13:48:59',NULL,'CD-YLQ000014');
INSERT INTO `tsys_menu_role` (`id`,`role_code`,`menu_code`,`updater`,`update_datetime`,`remark`,`company_code`) VALUES (7680,'COINSR201700000000000000','SM2018121114341209482029','UCOIN201700000000000001','2018-12-14 13:48:59',NULL,'CD-YLQ000014');


/*
-- Query: SELECT * FROM dev_xn_ylq.tsys_role
LIMIT 0, 5000

-- Date: 2018-12-01 22:56
*/
INSERT INTO `tsys_role` (`code`,`name`,`type`,`updater`,`update_datetime`,`remark`,`company_code`) VALUES ('COINSR201700000000000000','超级管理员','P','admin','2018-11-21 10:42:30','','CD-YLQ000014');

