
INSERT INTO `tstd_user` (`user_id`,`login_name`,`login_pwd`,`login_pwd_strength`,`kind`,`level`,`role_code`,`status`,`create_datetime`,`remark`,`company_code`,`system_code`) VALUES ('CYLQ201700000000000001','admin','21218cca77804d2ba1922c33e0151105','1','P','0','sysAdmin','0',now(),'管理端系统方','CD-YLQ000014','CD-YLQ000014');
INSERT INTO `tstd_user` (`user_id`,`login_name`,`login_pwd`,`login_pwd_strength`,`kind`,`level`,`role_code`,`status`,`create_datetime`,`remark`,`company_code`,`system_code`) VALUES ('CYLQ201700000000000002','jz001','e10adc3949ba59abbe56e057f20f883e','1','P','1','jzbCheck','0',now(),'','CD-YLQ000014','CD-YLQ000014');
INSERT INTO `tstd_user` (`user_id`,`login_name`,`login_pwd`,`login_pwd_strength`,`kind`,`level`,`role_code`,`status`,`create_datetime`,`remark`,`company_code`,`system_code`) VALUES ('CYLQ201700000000000003','jz002','e10adc3949ba59abbe56e057f20f883e','1','P','1','jzbCheck','0',now(),'','CD-YLQ000014','CD-YLQ000014');
INSERT INTO `tstd_user` (`user_id`,`login_name`,`login_pwd`,`login_pwd_strength`,`kind`,`level`,`role_code`,`status`,`create_datetime`,`remark`,`company_code`,`system_code`) VALUES ('CYLQ201700000000000004','jz003','e10adc3949ba59abbe56e057f20f883e','1','P','1','jzbCheck','0',now(),'','CD-YLQ000014','CD-YLQ000014');
INSERT INTO `tstd_user` (`user_id`,`login_name`,`login_pwd`,`login_pwd_strength`,`kind`,`level`,`role_code`,`status`,`create_datetime`,`remark`,`company_code`,`system_code`) VALUES ('CYLQ201700000000000005','jz004','e10adc3949ba59abbe56e057f20f883e','1','P','1','jzbCheck','0',now(),'','CD-YLQ000014','CD-YLQ000014');
INSERT INTO `tstd_user` (`user_id`,`login_name`,`login_pwd`,`login_pwd_strength`,`kind`,`level`,`role_code`,`status`,`create_datetime`,`remark`,`company_code`,`system_code`) VALUES ('CYLQ201700000000000006','jz005','e10adc3949ba59abbe56e057f20f883e','1','P','1','jzbCheck','0',now(),'','CD-YLQ000014','CD-YLQ000014');
INSERT INTO `tstd_user` (`user_id`,`login_name`,`login_pwd`,`login_pwd_strength`,`kind`,`level`,`role_code`,`status`,`create_datetime`,`remark`,`company_code`,`system_code`) VALUES ('CYLQ201700000000000007','jz006','e10adc3949ba59abbe56e057f20f883e','1','P','1','jzbCheck','0',now(),'','CD-YLQ000014','CD-YLQ000014');
INSERT INTO `tstd_user` (`user_id`,`login_name`,`login_pwd`,`login_pwd_strength`,`kind`,`level`,`role_code`,`status`,`create_datetime`,`remark`,`company_code`,`system_code`) VALUES ('CYLQ201700000000000008','jz007','e10adc3949ba59abbe56e057f20f883e','1','P','1','jzbCheck','0',now(),'','CD-YLQ000014','CD-YLQ000014');

INSERT INTO `tsys_role` (`code`,`name`,`level`,`updater`,`update_datetime`,`remark`,`system_code`) VALUES ('sysAdmin','系统管理员','1','admin',now(),'拥有最高权限','CD-YLQ000014');
INSERT INTO `tsys_role` (`code`,`name`,`level`,`updater`,`update_datetime`,`remark`,`system_code`) VALUES ('jzbCheck','审核员','2','admin',now(),'审核员','CD-YLQ000014');

/*
-- Query: SELECT `type`,`ckey`,`cvalue`,`updater`,now() as `update_datetime`,`remark`,`company_code`,`system_code` FROM tsys_config
-- Date: 2017-10-16 15:52
*/
INSERT INTO `tsys_config` (`type`,`ckey`,`cvalue`,`updater`,`update_datetime`,`remark`,`company_code`,`system_code`) VALUES ('QINIU','QINIU_ACCESS_KEY','ulfN2j4k6vHEsmKw-4EKZEGKL9qVkI7UJgrAHr4s','admin','2017-10-16 15:52:19',NULL,'CD-YLQ000014','CD-YLQ000014');
INSERT INTO `tsys_config` (`type`,`ckey`,`cvalue`,`updater`,`update_datetime`,`remark`,`company_code`,`system_code`) VALUES ('QINIU','QINIU_SECRET_KEY','aCdHlg4ct83YENkupTWLovs2-ISxKfS1U2FoHyZb','admin','2017-10-16 15:52:19',NULL,'CD-YLQ000014','CD-YLQ000014');
INSERT INTO `tsys_config` (`type`,`ckey`,`cvalue`,`updater`,`update_datetime`,`remark`,`company_code`,`system_code`) VALUES ('QINIU','QINIU_BUCKET','ylq-pic','admin','2017-10-16 15:52:19',NULL,'CD-YLQ000014','CD-YLQ000014');
INSERT INTO `tsys_config` (`type`,`ckey`,`cvalue`,`updater`,`update_datetime`,`remark`,`company_code`,`system_code`) VALUES ('richText','aboutUs','<p>关于我们</p><p>“九州宝”微信公众号及APP由玖州信息科技有限公司开发并运营的线上纯信用小额借款神器。具有申请便捷、审核高速等特点。满足您资金的燃煤之需。3分钟申请，5分钟审核，秒速放款！对信用良好的客户，不断开放更高额度借款。</p><p><br></p>','admin','2017-10-16 15:52:19','关于我们','CD-YLQ000014','CD-YLQ000014');
INSERT INTO `tsys_config` (`type`,`ckey`,`cvalue`,`updater`,`update_datetime`,`remark`,`company_code`,`system_code`) VALUES ('richText','regProtocol','<p>“九州宝”微信公众号及APP（以下简称“本产品”）由缙云县玖州信息科技有限公司负责运营。为明确本产品用户（以下简称“用户”或“您”）与 缙云县玖州信息科技有限公司 （以下简称“本公司”或“我们”或“平台”）之间的权利义务关系，维护双方的合法权益，本着平等互利的原则，双方就本产品服务之相关事宜达成以下协议（下称“本协议”），以资共同遵守。本协议适用于用户注册、使用本公司产品、服务的全部活动，为避免误解，用户成功注册本产品即视为本产品用户，受本协议约束。</p><p><br></p><p>在注册成为本产品用户前，请用户务必认真、仔细阅读，并对本协议全部内容作充分理解。用户成功注册或使用本产品，即视为用户已经充分理解和同意本协议全部内容，本协议立即在用户与本公司之间产生法律效力，用户注册使用本产品服务的全部活动将受到本协议的约束并承担相应的责任和义务。如用户不同意本协议内容，请不要注册或使用本产品。</p><p><br></p><p>用户须保证在注册或使用本产品时，已经年满18周岁且具备完全民事行为能力。如用户不具备前述条件，用户应终止注册或停止使用本产品。用户若通过本人注册的账户为其他不具备前述条件的任何第三方借款，本公司有权拒绝提供服务，已提供服务的，本公司有权终止并保留追究责任的权利，因此产生的任何法律责任由用户自行承担。</p><p><br></p><p>本协议包括以下所有条款，同时也包括本产品已经发布的或者将来可能发布的各类规则（平台规则）。所有规则均为本协议不可分割的一部分，与本协议具有同等法律效力。</p><p><br></p><p>用户在此确认知悉并同意本公司有权根据需要不时修改、增加或删减本协议。本公司将采用在本产品公示的方式通知用户该等修改、增加或删减，用户有义务注意该等公示。一经本产品公示，视为已经通知到用户。用户同意并确认，本公司可能以页面消息、微信、短消息等方式向用户发送将来可能发布的各类规则，该等规则构成本协议的一部分。若用户在本协议及各类规则变更后继续使用本产品服务的，视为用户已仔细认真阅读、充分理解并同意接受修改、增加或删减后的本协议及各类规则，且用户承诺遵守修改、增加或删减后的本协议及各类规则内容，并承担相应的责任和义务。若用户不同意修改、增加或删减后的本协议或各类规则内容，应立即停止使用本产品服务，本公司保留中止、终止或限制用户继续使用本产品服务的权利，但该等终止、中止或限制行为并不豁免用户在本产品已经发生的行为下所应承担的责任和义务。本公司不承担任何因此导致的法律责任。</p><p><br></p><p>一、账户管理</p><p>&nbsp;</p><p>1.1. 用户注册本产品时请按照本公司要求准确提供个人信息，并在取得注册账户（下称“该账户”）后及时更新用户准确、最新、完整的身份信息及相关资料，包括不限于手机号码、身份证号码、亲属联系人及社会联系人姓名、职业、银行账户等信息，以便本公司与用户进行及时、有效联系。</p><p><br></p><p>1.2. 用户应当使用自身合法的身份信息进行注册，若用户冒用、盗用、拾得他人身份证件办理本公司提供的产品/服务的，用户对此承担所有法律责任；本公司仅对用户的身份信息承担形式审查责任，且仅在自身业务职责范围内承担法律责任。</p><p>&nbsp;</p><p>1.3. 该账户仅供用户本人使用，用户对使用该账户或密码进行的一切操作及言论负完全的责任。用户须对该账户、密码、身份信息等进行妥善保管，对于因密码、身份信息、校验码等泄露所致的损失由用户自行承担。如用户存在遗失手机或身份证件或银行卡以及其他可能危及本产品账户资金安全或发现有他人冒用或盗用用户的账户登录名及密码或任何其他未经合法授权的情形，应立即以有效方式通知本公司，向本公司申请暂停相关服务。除非另有法律规定或经司法裁判，且征得本公司同意，否则用户不得以任何方式转让、赠与或继承（相关的财产权益除外）其账号及密码等个人信息。</p><p>&nbsp;</p><p>1.4. 用户不得通过本人注册的账户为任何第三方借款，用户充分知悉并承诺，不得以本人的账户出租、出借给他人，且用户充分知悉：若用户以本人账户出租、出借给他人使用，用户仍应承担《借款协议》项下的还款及其他义务。</p><p>&nbsp;</p><p>1.5. 若用户有上述违反本协议约定情形的，产生的任何法律责任均由用户承担，本公司对此不承担任何法律责任</p><p>&nbsp;</p><p>1.6. 在需要终止使用本产品时，用户可以申请注销本产品账户，用户应当依照本公司规定的程序进行账户注销。本产品账户注销将导致本公司终止为用户提供本产品及相关服务，本协议约定的双方的权利义务终止，但依本协议其他条款另行约定不得终止的或依其性质不能终止的除外。</p><p>&nbsp;</p><p>1.7. 存在以下情形的，本公司有权拒绝用户注销账户的申请并应将拒绝理由告知用户：1.该账户尚存在未了结的权利义务关系；2.注销该账户会损害本公司、本公司用户或他人的合法权益；3.本公司认为不适宜注销该账户的其他情形。</p><p><br></p><p>二、服务内容</p><p>&nbsp;</p><p>本产品是由本公司投资并运营的提供自然人间借款信息及撮合服务平台。本公司为用户提供信息发布、信用咨询、合同管理、资金代管、还款管理，以及促成用户与第三方出借人达成交易的居间服务。</p><p>&nbsp;</p><p>2.1. 信用评估：信用评估服务是指本公司为用户提供的通过读取和分析用户的个人公开信息、用户授权本公司使用的个人隐私信息及其他授权信息来评估用户信用状况的服务。为使本公司顺利分析与用户信用信息相关的个人信息，用户在此不可撤销地授权本公司采集、读取、分析、使用及处理用户的以下信息：1、甲方的身份信息；2、甲方的手机账单、清单、实名制等信息；3、甲方的银行卡信息；4、其他有助于乙方授予甲方信用额度的信息。</p><p>&nbsp;</p><p>2.2. 信息发布：用户注册成为本产品用户后，可以按照平台规则委托本公司将其借款需求信息通过本公司公开发布，即发出借款要约。</p><p>&nbsp;</p><p>2.3. 借款申请审批：用户应当按照本公司要求的程序进行申请，包括但不限于银行储蓄卡绑定、持证自拍、本公司工作人员或本公司指定的机构及人员与用户通过微信、电话进行核实等。用户完成上述申请程序后，本公司将对用户的申请进行审批。</p><p>&nbsp;</p><p>2.4. 代付：在订立借款合同后，本公司接受第三方出借人委托，将用户借款款项存入用户指定的账户内。</p><p>&nbsp;</p><p>2.5. 代扣：在订立借款合同后，用户委托本公司及本公司授权/聘请的具备相关业务资质的第三方从用户银行账户上代为扣取应还/应付款项，并用于向第三方出借人支付还款。</p><p>&nbsp;</p><p>2.6. 查询：本公司将对用户在本产品中的所有操作进行记录，不论该操作之目的最终是否实现。用户可以在本产品中查询其注册用户名下的个人信息及借贷交易记录。</p><p>&nbsp;</p><p>2.7. 交易：用户在平台申请借款或其他服务时，需遵从用户与本公司及第三方出借人达成的借款协议及其他任何协议。</p><p>&nbsp;</p><p>2.8. 广告：提供服务的过程中，本公司可以自行或由第三方广告商向用户发送广告、推广或宣传信息（包括商业与非商业信息），其方式和范围可不经向用户特别通知而变更。对服务中出现的广告信息，用户应审慎判断其真实性和可靠性，除法律明确规定外，用户应对依该广告信息进行的交易负责。&nbsp;</p><p>三、信息授权</p><p>&nbsp;</p><p>为顺利对用户信用进行评估，以审核用户借款申请，用户授权本公司从用户的手机通讯运营商（包括但不限于中国移动、中国电信、中国联通等）及其他第三方获取用户的相关个人信息，具体如下：</p><p>3.1. 用户须在申请借款的过程中根据平台提示输入个人手机通讯运营商的服务密码、验证码等信息，且授权本公司或本公司聘用的其他第三方机构使用上述服务密码、验证码等信息获取用户的手机消费账单、清单、实名制等。用户知悉并同意本公司或本公司聘用的其他第三方机构使用用户授权的手机号码、服务密码、验证码等信息获取用户的相关信息是评估审核用户的借款申请所必要的条件。</p><p>3.2在本产品使用中，如用户输入支付宝账号、登陆密码等信息，且授权本公司或本公司聘用的其他第三方机构使用上账号、登陆密码等信息获取用户的账户实名信息、芝麻信用分、支付宝消费情况及其他芝麻信用包括的所有数据，以待审核所用。</p><p>&nbsp;</p><p>3.3. 在本产品使用中，如用户输入学历信息、学信网账户名及密码等，即表示同意为本产品之目的，向本公司或本公司聘用的其他第三方机构授权使用用户的学信网账户，本公司或本公司聘用的其他第三方机构将可能通过用户所授权的学信网账户查看并读取用户的学籍信息；如用户在授权时尚未注册学信网账户，本公司及本公司聘用的其他第三方机构将基于用户的授权代用户申请注册学信网账户。</p><p>3.4. 在本产品使用中，如用户同意向本公司提交、绑定或授权用户的银行卡信息/账户，本公司将可能：</p><p>1）查询并核对用户的账户信息。</p><p>2）查询并读取用户银行卡账户中的交易信息。</p><p>3）基于《借款协议》通过用户所授权或绑定的银行卡账户进行代收与代付服务。</p><p>&nbsp;</p><p>3.5. 本公司有权依据《征信业管理条例》及相关法律法规，向第三方支付/征信/金融机构合法了解、获取、核实用户的信用信息，所获取的个人信用信息仅在本产品中使用，且不向其他机构、个人提供或披露。</p><p>&nbsp;</p><p>3.6. 用户如通过本产品进行借款，应当依据《借款协议》中约定进行还款，本公司有权通过电话、短信、微信、手机应用通知、发律师函、上门等途径对用户进行服务与还款提醒。用户理解并同意，如用户未按期履行还款义务，本公司将依照《借款协议》约定公开用户的逾期信息。</p><p>四、使用规则</p><p>&nbsp;</p><p>为有效保障用户使用本产品时的合法权益，用户理解并同意接受以下规则：</p><p>&nbsp;</p><p>4.1. 本公司接受用户在平台的注册账户或绑定手机号来电要求的操作指令，凡用户通过前述途径发出指令，都不可撤回或撤销，且视为用户本人的指令。</p><p>&nbsp;</p><p>4.2. 用户应按照平台要求实名注册并完整填写相关个人信息，否则用户可能会受到信用评估、提现、支付和（或）还款的限制，且本公司有权对用户的账户进行冻结，直至用户达到实名。用户须保证所提交用户信息的真实性，如有虚假，本公司有权拒绝提供服务，涉嫌欺诈或盗用他人信息的，将可能记入网络征信系统，影响用户的征信记录，同时本公司将保留追究用户相应法律责任的权利。</p><p>&nbsp;</p><p>4.3. 本公司并非银行或其他金融机构，本产品也非金融业务，本协议项下的资金移转均通过银行或第三方支付公司来实现，用户理解并同意其资金于流转途中的合理时间。</p><p>&nbsp;</p><p>4.4. 因用户的过错导致的任何损失均由用户自行承担，该过错包括但不限于：不按照交易提示操作，未及时进行交易操作，遗忘或泄漏密码、校验码等，密码被他人破解等。</p><p>&nbsp;</p><p>4.5. 在用户使用本产品时，本公司有权收取相关服务费用。本公司拥有制订及调整服务费之权利，具体服务费用以用户使用本产品时产品页面上所列之收费方式公告或用户与本公司达成的其他电子或书面协议为准.</p><p>五、使用限制</p><p>&nbsp;</p><p>5.1. 用户在使用本产品时应遵守中华人民共和国相关法律法规、用户所在国家或地区之法令及相关国际惯例，不将本产品用于任何非法目的，也不以任何非法方式使用本产品，否则本公司有权拒绝提供服务，或提前终止协议并追回借款，且用户应承担所有相关法律责任。</p><p>&nbsp;</p><p>5.2. 用户不得利用本产品从事侵害他人合法权益之行为，否则本公司有权拒绝提供本产品，或提前终止协议并追回借款，且用户应承担所有相关法律责任，因此导致本公司或本公司雇员或其他方受损的，用户应承担赔偿责任。上述行为包括但不限于:</p><p>&nbsp;</p><p>1）侵害他人名誉权、隐私权、商业秘密、商标权、著作权、专利权等合法权益。</p><p>2）违反依法定或约定之保密义务。</p><p>3）冒用他人名义使用本产品。</p><p>4）从事不法交易行为。</p><p>5）未按时履行还款义务。</p><p>6）提供骗贷资讯或以任何方式引诱他人参与骗贷。</p><p>7）非法使用他人银行账户或无效银行账户交易。</p><p>8）从事任何可能含有电脑病毒或是可能侵害本产品系统、资料之行为。</p><p>9）其他本公司有正当理由认为不适当之行为。</p><p>&nbsp;</p><p>5.3 用户理解并同意，本公司不对因下述任一情况导致的任何损害赔偿承担责任:</p><p>&nbsp;</p><p>1）本公司有权基于单方判断，包含但不限于本公司认为用户已经违反本协议的明文规定及精神，对用户的名下的全部或部分产品账户暂停、中断或终止向用户提供本产品或其任何部分，并移除或公布用户的资料。</p><p>&nbsp;</p><p>2）本公司在发现异常交易或合理怀疑交易有疑义或有违反法律规定或本协议约定之虞时，有权不经通知先行暂停或终止用户产品账户的使用（包括但不限于对账户名下的信用评分和在途交易采取取消交易等限制措施），并拒绝用户使用本产品之部分或全部功能。</p><p>&nbsp;</p><p>3）用户理解并同意，存在如下情形时，本公司有权对用户注册账号或交易进行冻结或追回，且有权限制用户所使用的产品或服务的部分或全部功能：</p><p>&nbsp;</p><p>a．根据本协议的约定。</p><p>b．根据法律法规及法律文书的规定。</p><p>c．根据有权机关的要求。</p><p>d．用户使用本产品服务的行为涉嫌违反国家法律法规及行政规定的。</p><p>e．本公司基于单方面合理判断认为账户信息、操作等存在异常时。</p><p>f．本公司依据自行合理判断认为可能产生风险的。</p><p>g．用户批量注册、提供虚假信息或材料及其他舞弊等违反使用规则、违反诚实信用原则的。</p><p>h．错误汇入资金等导致用户可能存在不当得利的。</p><p>i．用户未按时履行还款义务的。</p><p>j．用户损害他人利益，且对方已经提供了一定证据的。</p><p>&nbsp;</p><p>5.4. 如用户申请解除上述冻结或限制，用户应按本公司要求如实提供相关资料及用户的身份证明以及本公司要求的其他信息或文件，以便本公司进行核实，且本公司有权依照自行判断来决定是否同意用户的申请。</p><p>&nbsp;</p><p>&nbsp;</p><p>&nbsp;</p><p>六、隐私权保护</p><p>&nbsp;</p><p>本公司重视对用户隐私的保护。仅限于向用户提供服务及提升服务质量的目的和以下情形，本公司收集或使用用户的个人信息：</p><p>&nbsp;</p><p>6.1. 获得用户的同意或授权。</p><p>&nbsp;</p><p>6.2. 某些情况下，只有共享用户的信息，才能提供用户需要的服务和（或）产品，或处理用户与他人的交易纠纷或争议。</p><p>&nbsp;</p><p>6.3. 某些服务和（或）产品由本公司的合作伙伴提供或由本公司与合作伙伴共同提供，本公司会与其共享提供服务和（或）产品需要的信息，且在此情形下，本公司需要求该等合作伙伴承担相应的保密义务。</p><p>&nbsp;</p><p>6.4. 根据法律法规的规定及有权机关的要求。</p><p>&nbsp;</p><p>6.5. 为维护本公司、用户及其他用户的合法权益。</p><p>&nbsp;</p><p>6.6 根据法律规定及合理商业习惯，在本公司计划与其他公司合并或被其收购或进行其他资本市场活动（包括但不限于IPO，债券发行）时，以及其他情形下本公司需要接受来自其他主体的尽职调查时，本公司会把用户的信息提供给必要的主体，但本公司会通过和这些主体签署保密协议等方式要求其对用户的个人信息采取合理的保密措施。</p><p>&nbsp;</p><p>&nbsp;</p><p>&nbsp;</p><p>七、征信授权</p><p>&nbsp;</p><p>7.1. 用户知晓并同意本公司依据《征信业管理条例》及相关法律法规，委托第三方征信机构，合法调查用户信息，包括但不限于个人基本信息、借贷交易信息、银行卡交易信息、电商交易信息、公用事业信息、央行征信报告。所获取的信息，仅在此笔借贷业务的贷前审批和贷后管理工作中使用。本公司将对所获取的信息妥善进行保管，除为用户提供信审服务/借款资金的合作方外，未经用户授权，不得向其他机构或个人公开或透露信息内容。</p><p>&nbsp;</p><p>7.2. 用户知晓并同意本公司依据《征信业管理条例》及相关法律法规，向第三方征信机构提交用户在此笔借贷业务中产生的相关信息，包括但不限于个人基本信息、借款申请信息、借款合同信息以及还款行为信息，并记录在征信机构的个人信用信息数据库中。</p><p>&nbsp;</p><p>7.3. 用户知晓并同意第三方征信机构向已获取并保存用户个人信息的机构或个人（包括但不限于公共事业单位、网络服务机构、运营商等）采集用户的个人信息。为了免除重复授权的不便，用户同意信息提供者无需再向用户逐一另行获取其向信息使用者及征信机构提供用户个人信息的授权，信息提供者可以依本授权条款中的授权径行向第三方征信机构及信息使用者提供用户的个人信息，且无需对用户进行事先通知。</p><p>&nbsp;</p><p>7.4. 用户知晓并同意第三方征信机构向金融信用信息基础数据库、其他经国务院征信业监督管理部门批准设立的征信机构查询用户个人信息和个人信用报告。</p><p>&nbsp;</p><p>7.5. 用户同意若用户出现不良还款行为，本公司按合同所留联系方式对用户进行提醒并告知，用户若仍未履行还款义务，本公司可将用户的不良还款信息提交至第三方征信机构，记录在征信机构的个人信用信息库中。</p><p>&nbsp;</p><p>7.6. 用户知晓并同意，用户已被明确告知不良还款信息一旦记录在第三方征信机构的个人信用信息数据库中，在日后的经济活动中对用户可能产生的不良影响。</p><p>&nbsp;</p><p>7.7. 用户知晓第三方征信机构包括但不限于：北京华道征信有限公司、北京安融惠众征信有限公司、上海资信有限公司和鹏元资信评估有限公司。</p><p>&nbsp;</p><p>八、平台中断或故障</p><p>&nbsp;</p><p>8.1. 用户理解并同意，在使用本产品的过程中，可能会遇到不可抗力等风险因素，使本产品服务发生中断。不可抗力是指不能预见、不能克服并不能避免且对一方或双方造成重大影响的客观事件，包括但不限于自然灾害如洪水、地震、瘟疫流行和风暴等以及社会事件如战争、动乱、政府行为等。出现上述情况时本公司将努力在第一时间与相关单位配合，及时进行修复，但是由此给用户造成的损失本公司在法律允许的范围内免责。</p><p>&nbsp;</p><p>8.2 在法律允许的范围内，本公司对以下情形导致的服务中断或受阻不承担责任：</p><p>&nbsp;</p><p>（1）受到计算机病毒、木马或其他恶意程序、黑客攻击的破坏；</p><p>（2）用户或本公司的电脑软件、系统、硬件和通信线路出现故障；</p><p>（3）用户操作不当；</p><p>（4）用户通过非本公司授权的方式使用本服务；</p><p>（5）其他本公司无法控制或合理预见的情形。</p><p>&nbsp;</p><p>九、 责任范围及责任限制</p><p>&nbsp;</p><p>9.1. 本公司仅对本协议中列明的责任承担范围负责。</p><p>&nbsp;</p><p>9.2. 本公司用户信息是由用户本人自行提供的，本公司无法保证该信息之准确、及时和完整。</p><p>&nbsp;</p><p>9.3. 本公司不对信用评估及本产品提供任何形式的保证。</p><p>&nbsp;</p><p>十、商标、知识产权、专利的保护</p><p>&nbsp;</p><p>10.1. 本公司及关联公司所有平台上所有内容，包括但不限于著作、图片、档案、资讯、资料、网站架构、网站画面的安排、网页设计，均由本公司或本公司关联公司依法拥有其知识产权，包括但不限于商标权、专利权、著作权、商业秘密等。</p><p>&nbsp;</p><p>10.2. 非经本公司或本公司关联企业书面同意，任何人不得擅自使用、修改、复制、公开传播、改变、散布、发行或公开发表本网站程序或内容。</p><p>&nbsp;</p><p>10.3. 尊重知识产权是用户应尽的义务，如有违反，用户应承担损害赔偿责任。</p><p>&nbsp;</p><p>十一、法律适用与管辖</p><p>&nbsp;</p><p></p><p>本协议之效力、解释、变更、执行与争议解决均适用中华人民共和国法律，\r\n没有相关法律规定的，参照通用国际商业惯例和（或）行业惯例。因本协议产生之争议，均应依照中华人民共和国法律予以处理，并由本公司所在地的人民法院管辖。</p><p><br></p>','admin','2017-10-16 15:52:19','借款服务与隐私协议','CD-YLQ000014','CD-YLQ000014');
INSERT INTO `tsys_config` (`type`,`ckey`,`cvalue`,`updater`,`update_datetime`,`remark`,`company_code`,`system_code`) VALUES ('richText','couponExplain','<p></p><font color=\"#008000\" size=\"2\">如何使用优惠券</font><p><font size=\"2\">1、在借款时可以减免相应的服务费，一次借款仅能用一张优惠券。</font></p><p><font color=\"#008000\" size=\"2\">如何获取优惠券</font></p><p><font size=\"2\">1、邀请好友注册并成功借款</font></p><p><font size=\"2\">2、成功还款2次</font></p><p><br></p>','admin','2017-10-16 15:52:19','优惠券说明','CD-YLQ000014','CD-YLQ000014');
INSERT INTO `tsys_config` (`type`,`ckey`,`cvalue`,`updater`,`update_datetime`,`remark`,`company_code`,`system_code`) VALUES ('richText','borrowProtocol','借款协议','admin','2017-10-16 15:52:19','借款协议','CD-YLQ000014','CD-YLQ000014');
INSERT INTO `tsys_config` (`type`,`ckey`,`cvalue`,`updater`,`update_datetime`,`remark`,`company_code`,`system_code`) VALUES ('richText','addressBookProtocol','通讯录授权协议','admin','2017-10-16 15:52:19','通讯录授权协议','CD-YLQ000014','CD-YLQ000014');
INSERT INTO `tsys_config` (`type`,`ckey`,`cvalue`,`updater`,`update_datetime`,`remark`,`company_code`,`system_code`) VALUES ('richText','infoCollectRule','<p>信息收集及使用规则</p><p>&nbsp;</p><p>鉴于“网络借贷中介信息服务”（下称服务）的特殊性，为构建健康有序的网络借贷环境，遏制和打击“骗贷”行为，保障借贷双方的合法权益。“九州宝”（下称九州宝或我们）在提供产品或服务时会收集并使用您（即用户，下同）的个人信息，如您拒绝我们收集或使用您的个人信息，请立即终止使用本服务，并立即告知我们（服务电话&nbsp; 400&nbsp;&nbsp;&nbsp;&nbsp;&nbsp;&nbsp;&nbsp;&nbsp;&nbsp;&nbsp;&nbsp;&nbsp; ，邮箱&nbsp;&nbsp;&nbsp;&nbsp;&nbsp;&nbsp;&nbsp;&nbsp;&nbsp;&nbsp;&nbsp;&nbsp;&nbsp;&nbsp;&nbsp;&nbsp; ），如您继续使用或未及时向我们告知，即视为您同意九州宝收集并使用您的个人信息。</p><p>&nbsp;</p><p>一、信息收集</p><p>&nbsp;</p><p>1. 您向九州宝提供的信息。</p><p>为了向您提供更好的用户服务,九州宝会在您自愿选择服务或提供信息的情况下系统自动存储注册信息。请您在注册、使用时及时、详尽及准确的提供个人资料，并不断更新注册资料。所有原始键入的资料将引用为注册资料。如果因注册信息不真实而引起的问题，由您自行承担相应的后果。请您不要将您的帐号、密码转让或出借予他人使用。如您发现您的帐号遭他人非法使用，应立即通知我们。互联网上不排除因黑客行为或用户的保管疏忽导致帐号、密码遭他人非法使用，此类情况与九州宝无关。</p><p>2. 基于提供服务的前提，您授权我们收集的信息。在此，您同意并授权我们收集您的下述信息：</p><p>1) 您的身份信息；</p><p>2) 您的手机号码之通话、使用、消费记录及实名制等信息；</p><p>3) 您的银行卡信息；</p><p>4) 您的个人征信信息；</p><p>5) 其他有助于我们对您的信用状况进行评估的信息（如学信网、支付宝、QQ等，我们在收集时会提醒您再次授权，如您不希望我们收集和使用该条项下的信息，请您在收到提醒时选择拒绝授权）；</p><p>6）您的本地手机通讯录，包括联系人姓名和电话号码。</p><p>3. 您授权第三方收集并同意该第三方向我们提供的信息。</p><p>包括但不限于您同意并授权“杭州魔蝎数据科技有限公司”收集并向我们提供“您的手机号码之通话、使用、消费记录及实名制等信息”。</p><p>4. 因您使用产品或服务时获取的信息。</p><p>1) 日志信息。当您使用九州宝服务时，服务器会自动记录一些信息，例如您对我们服务的使用情况、IP地址、所访问服务的URL、浏览器的类型和使用的语言以及访问日期和时间等。</p><p>2) 设备信息。某些产品和/或服务包含唯一应用程序编号。当您安装、激活、更新、卸载相关服务或当这些服务定期与九州宝通信（例如软件的更新）时，系统会将此编号以及与安装相关的信息（例如操作系统类型和应用程序版本号）发送给九州宝。</p><p>3) 当您使用具有定位功能的九州宝服务时，系统会自动处理有关设备的位置信息，以便九州宝判断您在申请借款时的实际地理位置。</p><p>4) 为了提供更好的服务与改善用户体验，九州宝可能会记录硬件型号、操作系统版本号、国际移动设备身份码（IMEI）、网络设备硬件地址（MAC）等信息。</p><p>5) Cookie和匿名标示符等工具。cookie主要的功能是便于您使用网站产品和/或服务，以及帮助网站统计独立访客数量等。运用cookie技术，九州宝能够为您提供更加周到的个性化服务，并允许您设定您特定的服务选项。</p><p>二、信息使用</p><p>&nbsp;</p><p>1. 基于提供服务的前提，我们将自行或委托第三方机构对您的个人信息进行评估，以判断您是否能进一步的获得借款服务。</p><p>&nbsp;</p><p>2. 披露给为您提供借款的相对方，以便该相对方对借款债权加以记录和管理。</p><p>&nbsp;</p><p>3. 在您获得借款服务且存在违约的情况下，我们将向第三方机构（包括但不限于专业的催收机构、律师事务所、审计事务所、司法机关、征信机构及您提供的联系单位和联系人等）提供您的个人信息并保证该第三方机构仅限于为催促您尽快履约之目的使用。</p><p>&nbsp;</p><p>4. 九州宝会以高度的勤勉义务对待这些信息，除非事先获得您的授权或本声明另有规定外，不会将这些信息对外公开或向第三方提供（九州宝关联公司除外）。</p><p>&nbsp;</p><p>5. 九州宝可能会对产品/服务使用情况进行统计。同时，九州宝可能会与公众分享这些统计信息，以展示我们服务的整体使用趋势。这些统计信息不包含您的任何身份识别信息。</p><p>&nbsp;</p><p>6.在如下情况下，九州宝可能会披露您的信息：</p><p>（1）事先获得您的授权；</p><p>（2）您使用共享功能；</p><p>（3）根据法律、法规、法律程序的要求或政府主管部门的强制性要求；</p><p>（4）以学术研究或公共利益为目的；</p><p>（5）为维护九州宝的合法权益，例如查找、预防、处理欺诈或安全方面的问题；</p><p>（6）符合相关服务条款或使用协议的规定。</p><p>三、信息安全</p><p>&nbsp;</p><p>九州宝非常重视信息安全，在九州宝，有专门的负责团队，研发和应用多种安全技术和程序等，通过这些严格措施努力保护您的信息不被未经授权的访问、使用或泄漏。</p><p><br></p>','admin','2017-10-16 15:52:19','信息收集及使用规则','CD-YLQ000014','CD-YLQ000014');
INSERT INTO `tsys_config` (`type`,`ckey`,`cvalue`,`updater`,`update_datetime`,`remark`,`company_code`,`system_code`) VALUES ('richText','helpCenter','<p><font color=\"#ff0000\">一.&nbsp; 常见问题</font></p><p>Q1：如何申请借款？</p><p>A1：请您下载九州宝APP，注册、登录，选择产品申请额度，使用额度进行借款。</p><p>Q2：一共有几种还款方式？</p><p>A2：一共有2种还款方式，支付宝还款、银行卡还款。\r\n</p><p><font color=\"#ff0000\">二.&nbsp; 联系客服</font></p><p>微信ID：</p><p>客户电话：</p><p><font color=\"#ff0000\">三.&nbsp; 留言CEO</font></p><p></p><p>温馨提示：您好！如对本产品有任何疑问，可以直接微信留言或拨打客服电话。</p><p><br></p>','admin','2017-10-16 15:52:19','帮助中心','CD-YLQ000014','CD-YLQ000014');
INSERT INTO `tsys_config` (`type`,`ckey`,`cvalue`,`updater`,`update_datetime`,`remark`,`company_code`,`system_code`) VALUES ('richText','customerService','<p style=\"text-align: center; \">客服电话：400-926-0004</p><p><br></p>','admin','2017-10-16 15:52:19','联系客服','CD-YLQ000014','CD-YLQ000014');
INSERT INTO `tsys_config` (`type`,`ckey`,`cvalue`,`updater`,`update_datetime`,`remark`,`company_code`,`system_code`) VALUES ('richText','repayOfflineAccount','<p><font color=\"#ff0000\" size=\"1\">暂不支持线下打款</font></p><p><br></p>','admin','2017-10-16 15:52:19','线下打款账号','CD-YLQ000014','CD-YLQ000014');
INSERT INTO `tsys_config` (`type`,`ckey`,`cvalue`,`updater`,`update_datetime`,`remark`,`company_code`,`system_code`) VALUES ('text','couponRule','您目前没有可用的优惠券，您可以通过以下途径获取：\r\n1、邀请好友注册并成功借款 2、借还成功2次','admin','2017-10-16 15:52:19','优惠券规则','CD-YLQ000014','CD-YLQ000014');
INSERT INTO `tsys_config` (`type`,`ckey`,`cvalue`,`updater`,`update_datetime`,`remark`,`company_code`,`system_code`) VALUES ('text','activityRule','1、邀请好友注册并成功借款，送30元优惠券\r\n2、借款成功两次，送40元优惠券','admin','2017-10-16 15:52:19','活动规则','CD-YLQ000014','CD-YLQ000014');
INSERT INTO `tsys_config` (`type`,`ckey`,`cvalue`,`updater`,`update_datetime`,`remark`,`company_code`,`system_code`) VALUES ('text','time','09:30:00 - 20:00:00','admin','2017-10-16 15:52:19','服务时间','CD-YLQ000014','CD-YLQ000014');
INSERT INTO `tsys_config` (`type`,`ckey`,`cvalue`,`updater`,`update_datetime`,`remark`,`company_code`,`system_code`) VALUES ('text','telephone','400-926-0004','admin','2017-10-16 15:52:19','服务电话','CD-YLQ000014','CD-YLQ000014');
INSERT INTO `tsys_config` (`type`,`ckey`,`cvalue`,`updater`,`update_datetime`,`remark`,`company_code`,`system_code`) VALUES ('config','domainUrl','http://m.yiliangqian.com','admin','2017-10-16 15:52:19','推荐注册链接','CD-YLQ000014','CD-YLQ000014');
INSERT INTO `tsys_config` (`type`,`ckey`,`cvalue`,`updater`,`update_datetime`,`remark`,`company_code`,`system_code`) VALUES ('config','androidShowFlag','1','admin','2017-10-16 15:52:19','安卓展示标识','CD-YLQ000014','CD-YLQ000014');
INSERT INTO `tsys_config` (`type`,`ckey`,`cvalue`,`updater`,`update_datetime`,`remark`,`company_code`,`system_code`) VALUES ('config','iosShowFlag','1','admin','2017-10-16 15:52:19','苹果展示标识','CD-YLQ000014','CD-YLQ000014');
INSERT INTO `tsys_config` (`type`,`ckey`,`cvalue`,`updater`,`update_datetime`,`remark`,`company_code`,`system_code`) VALUES ('android-c','version','1.2.2','admin','2017-10-16 15:52:19','最新版本号','CD-YLQ000014','CD-YLQ000014');
INSERT INTO `tsys_config` (`type`,`ckey`,`cvalue`,`updater`,`update_datetime`,`remark`,`company_code`,`system_code`) VALUES ('android-c','forceUpdate','0','admin','2017-10-16 15:52:19','是否强制更新','CD-YLQ000014','CD-YLQ000014');
INSERT INTO `tsys_config` (`type`,`ckey`,`cvalue`,`updater`,`update_datetime`,`remark`,`company_code`,`system_code`) VALUES ('android-c','note','v121版本更新说明','admin','2017-10-16 15:52:19','更新说明','CD-YLQ000014','CD-YLQ000014');
INSERT INTO `tsys_config` (`type`,`ckey`,`cvalue`,`updater`,`update_datetime`,`remark`,`company_code`,`system_code`) VALUES ('android-c','downloadUrl','http://116.62.193.233:5309/ylq_release.apk','admin','2017-10-16 15:52:19','Android下载地址','CD-YLQ000014','CD-YLQ000014');
INSERT INTO `tsys_config` (`type`,`ckey`,`cvalue`,`updater`,`update_datetime`,`remark`,`company_code`,`system_code`) VALUES ('ios-c','version','1.2.2','admin','2017-10-16 15:52:19','最新版本号','CD-YLQ000014','CD-YLQ000014');
INSERT INTO `tsys_config` (`type`,`ckey`,`cvalue`,`updater`,`update_datetime`,`remark`,`company_code`,`system_code`) VALUES ('ios-c','forceUpdate','0','admin','2017-10-16 15:52:19','是否强制更新','CD-YLQ000014','CD-YLQ000014');
INSERT INTO `tsys_config` (`type`,`ckey`,`cvalue`,`updater`,`update_datetime`,`remark`,`company_code`,`system_code`) VALUES ('ios-c','note','v121版本更新说明','admin','2017-10-16 15:52:19','更新说明','CD-YLQ000014','CD-YLQ000014');
INSERT INTO `tsys_config` (`type`,`ckey`,`cvalue`,`updater`,`update_datetime`,`remark`,`company_code`,`system_code`) VALUES ('ios-c','downloadUrl','http://m.yiliangqian.com/share/share-qrcord.html','admin','2017-10-16 15:52:19','iOS下载地址','CD-YLQ000014','CD-YLQ000014');


/*
-- Query: SELECT code,name,type,url,order_no,updater, now() as update_datetime,remark,parent_code,system_code FROM tsys_menu where system_code = 'CD-YLQ000014'
-- Date: 2017-09-30 17:28
*/
INSERT INTO `tsys_menu` (`code`,`name`,`type`,`url`,`order_no`,`updater`,`update_datetime`,`remark`,`parent_code`,`system_code`) VALUES ('SM201707261741263791893','业务管理','1','#','2','admin','2017-09-30 17:28:19','','YLQSM201600000000000000','CD-YLQ000014');
INSERT INTO `tsys_menu` (`code`,`name`,`type`,`url`,`order_no`,`updater`,`update_datetime`,`remark`,`parent_code`,`system_code`) VALUES ('SM201707261745530413766','认证管理','1','#','7','admin','2017-09-30 17:28:19','','SM201707261741263791893','CD-YLQ000014');
INSERT INTO `tsys_menu` (`code`,`name`,`type`,`url`,`order_no`,`updater`,`update_datetime`,`remark`,`parent_code`,`system_code`) VALUES ('SM201707261747250339518','额度审批','1','#','1','admin','2017-09-30 17:28:19','','SM201707261741263791893','CD-YLQ000014');
INSERT INTO `tsys_menu` (`code`,`name`,`type`,`url`,`order_no`,`updater`,`update_datetime`,`remark`,`parent_code`,`system_code`) VALUES ('SM201707261747450824730','借款管理','1','#','3','admin','2017-09-30 17:28:19','','SM201707261741263791893','CD-YLQ000014');
INSERT INTO `tsys_menu` (`code`,`name`,`type`,`url`,`order_no`,`updater`,`update_datetime`,`remark`,`parent_code`,`system_code`) VALUES ('SM201707261817561904796','实名认证','1','/certificat/realName.htm','1','admin','2017-09-30 17:28:19','','SM201707261745530413766','CD-YLQ000014');
INSERT INTO `tsys_menu` (`code`,`name`,`type`,`url`,`order_no`,`updater`,`update_datetime`,`remark`,`parent_code`,`system_code`) VALUES ('SM20170726182557630657','芝麻信用分','1','/certificat/sesameCreditScore.htm','2','admin','2017-09-30 17:28:19','','SM201707261745530413766','CD-YLQ000014');
INSERT INTO `tsys_menu` (`code`,`name`,`type`,`url`,`order_no`,`updater`,`update_datetime`,`remark`,`parent_code`,`system_code`) VALUES ('SM201707271437582732708','欺诈评分记录','1','/certificat/fraudScoreApply.htm','3','admin','2017-09-30 17:28:19','','SM201707261745530413766','CD-YLQ000014');
INSERT INTO `tsys_menu` (`code`,`name`,`type`,`url`,`order_no`,`updater`,`update_datetime`,`remark`,`parent_code`,`system_code`) VALUES ('SM201707271704363792795','欺诈关注清单','1','/certificat/fraudFocusList.htm','4','admin','2017-09-30 17:28:19','','SM201707261745530413766','CD-YLQ000014');
INSERT INTO `tsys_menu` (`code`,`name`,`type`,`url`,`order_no`,`updater`,`update_datetime`,`remark`,`parent_code`,`system_code`) VALUES ('SM201707271705134394086','欺诈信息验证','1','/certificat/fraudInfoApprove.htm','3','admin','2017-09-30 17:28:19','','SM201707261745530413766','CD-YLQ000014');
INSERT INTO `tsys_menu` (`code`,`name`,`type`,`url`,`order_no`,`updater`,`update_datetime`,`remark`,`parent_code`,`system_code`) VALUES ('SM201707271735196294785','行业关注清单','1','/certificat/businessFocusList.htm','2','admin','2017-09-30 17:28:19','','SM201707261745530413766','CD-YLQ000014');
INSERT INTO `tsys_menu` (`code`,`name`,`type`,`url`,`order_no`,`updater`,`update_datetime`,`remark`,`parent_code`,`system_code`) VALUES ('SM201707281704301515120','运营商认证','1','/certificat/operator.htm','1','admin','2017-09-30 17:28:19','','SM201707261745530413766','CD-YLQ000014');
INSERT INTO `tsys_menu` (`code`,`name`,`type`,`url`,`order_no`,`updater`,`update_datetime`,`remark`,`parent_code`,`system_code`) VALUES ('SM201707281705081256008','报告详情','2','/detail','1','admin','2017-09-30 17:28:19','','SM201707281704301515120','CD-YLQ000014');
INSERT INTO `tsys_menu` (`code`,`name`,`type`,`url`,`order_no`,`updater`,`update_datetime`,`remark`,`parent_code`,`system_code`) VALUES ('SM201708050938371312906','详情','2','/detail','2','admin','2017-09-30 17:28:19','','SM201708232117575498751','CD-YLQ000014');
INSERT INTO `tsys_menu` (`code`,`name`,`type`,`url`,`order_no`,`updater`,`update_datetime`,`remark`,`parent_code`,`system_code`) VALUES ('SM201708071146218919795','通知管理','1','#','4','admin','2017-09-30 17:28:19','','YLQSM201600001000000001','CD-YLQ000014');
INSERT INTO `tsys_menu` (`code`,`name`,`type`,`url`,`order_no`,`updater`,`update_datetime`,`remark`,`parent_code`,`system_code`) VALUES ('SM201708071146484282769','修改','2','/edit','1','admin','2017-09-30 17:28:19','','SM201708071354294834594','CD-YLQ000014');
INSERT INTO `tsys_menu` (`code`,`name`,`type`,`url`,`order_no`,`updater`,`update_datetime`,`remark`,`parent_code`,`system_code`) VALUES ('SM20170807114715900667','详情','2','/detail','2','admin','2017-09-30 17:28:19','','SM201708232117356419291','CD-YLQ000014');
INSERT INTO `tsys_menu` (`code`,`name`,`type`,`url`,`order_no`,`updater`,`update_datetime`,`remark`,`parent_code`,`system_code`) VALUES ('SM20170807135329320738','公告管理','1','/public/announce.htm','1','admin','2017-09-30 17:28:19','','SM201708071146218919795','CD-YLQ000014');
INSERT INTO `tsys_menu` (`code`,`name`,`type`,`url`,`order_no`,`updater`,`update_datetime`,`remark`,`parent_code`,`system_code`) VALUES ('SM201708071354294834594','文章管理','1','/general/textParam.htm','2','admin','2017-09-30 17:28:19','','SM201708091124302986006','CD-YLQ000014');
INSERT INTO `tsys_menu` (`code`,`name`,`type`,`url`,`order_no`,`updater`,`update_datetime`,`remark`,`parent_code`,`system_code`) VALUES ('SM201708071355289904791','Android版本管理','1','/general/andPublish.htm','3','admin','2017-09-30 17:28:19','','SM201708091124302986006','CD-YLQ000014');
INSERT INTO `tsys_menu` (`code`,`name`,`type`,`url`,`order_no`,`updater`,`update_datetime`,`remark`,`parent_code`,`system_code`) VALUES ('SM201708071356054479020','IOS版本管理','1','/general/iosPublish.htm','4','admin','2017-09-30 17:28:19','','SM201708091124302986006','CD-YLQ000014');
INSERT INTO `tsys_menu` (`code`,`name`,`type`,`url`,`order_no`,`updater`,`update_datetime`,`remark`,`parent_code`,`system_code`) VALUES ('SM201708071357128989378','认证信息报表','2','/report','3','admin','2017-09-30 17:28:19','','SM201708071501160616280','CD-YLQ000014');
INSERT INTO `tsys_menu` (`code`,`name`,`type`,`url`,`order_no`,`updater`,`update_datetime`,`remark`,`parent_code`,`system_code`) VALUES ('SM201708071405342791952','新增','2','/add','1','admin','2017-09-30 17:28:19','','SM20170807135329320738','CD-YLQ000014');
INSERT INTO `tsys_menu` (`code`,`name`,`type`,`url`,`order_no`,`updater`,`update_datetime`,`remark`,`parent_code`,`system_code`) VALUES ('SM201708071406010883237','修改','2','/edit','2','admin','2017-09-30 17:28:19','','SM20170807135329320738','CD-YLQ000014');
INSERT INTO `tsys_menu` (`code`,`name`,`type`,`url`,`order_no`,`updater`,`update_datetime`,`remark`,`parent_code`,`system_code`) VALUES ('SM201708071407469348684','发布/撤下','2','/push','3','admin','2017-09-30 17:28:19','','SM20170807135329320738','CD-YLQ000014');
INSERT INTO `tsys_menu` (`code`,`name`,`type`,`url`,`order_no`,`updater`,`update_datetime`,`remark`,`parent_code`,`system_code`) VALUES ('SM201708071412042227977','归档订单管理','1','/borrowManage/backFiled.htm','9','admin','2017-09-30 17:28:19','','SM201707261747450824730','CD-YLQ000014');
INSERT INTO `tsys_menu` (`code`,`name`,`type`,`url`,`order_no`,`updater`,`update_datetime`,`remark`,`parent_code`,`system_code`) VALUES ('SM201708071412251077022','详情','2','/detail','1','admin','2017-09-30 17:28:19','','SM201708071412042227977','CD-YLQ000014');
INSERT INTO `tsys_menu` (`code`,`name`,`type`,`url`,`order_no`,`updater`,`update_datetime`,`remark`,`parent_code`,`system_code`) VALUES ('SM201708071415131876278','导出','2','/export','2','admin','2017-09-30 17:28:19','','SM201708071412042227977','CD-YLQ000014');
INSERT INTO `tsys_menu` (`code`,`name`,`type`,`url`,`order_no`,`updater`,`update_datetime`,`remark`,`parent_code`,`system_code`) VALUES ('SM201708071445429053500','审核','2','/check','1','admin','2017-09-30 17:28:19','','SM201708232117356419291','CD-YLQ000014');
INSERT INTO `tsys_menu` (`code`,`name`,`type`,`url`,`order_no`,`updater`,`update_datetime`,`remark`,`parent_code`,`system_code`) VALUES ('SM201708071450049267108','放款成功','2','/check','1','admin','2017-09-30 17:28:19','','SM201708121352107968730','CD-YLQ000014');
INSERT INTO `tsys_menu` (`code`,`name`,`type`,`url`,`order_no`,`updater`,`update_datetime`,`remark`,`parent_code`,`system_code`) VALUES ('SM201708071450464839683','导出','2','/export','4','admin','2017-09-30 17:28:19','','SM201708121352107968730','CD-YLQ000014');
INSERT INTO `tsys_menu` (`code`,`name`,`type`,`url`,`order_no`,`updater`,`update_datetime`,`remark`,`parent_code`,`system_code`) VALUES ('SM201708071451454165989','逾期管理','1','#','4','admin','2017-09-30 17:28:19','','SM201707261741263791893','CD-YLQ000014');
INSERT INTO `tsys_menu` (`code`,`name`,`type`,`url`,`order_no`,`updater`,`update_datetime`,`remark`,`parent_code`,`system_code`) VALUES ('SM20170807145206101437','优惠券管理','1','#','6','admin','2017-09-30 17:28:19','','SM201707261741263791893','CD-YLQ000014');
INSERT INTO `tsys_menu` (`code`,`name`,`type`,`url`,`order_no`,`updater`,`update_datetime`,`remark`,`parent_code`,`system_code`) VALUES ('SM201708071452439275974','会员管理','1','#','2','admin','2017-09-30 17:28:19','','SM201707261741263791893','CD-YLQ000014');
INSERT INTO `tsys_menu` (`code`,`name`,`type`,`url`,`order_no`,`updater`,`update_datetime`,`remark`,`parent_code`,`system_code`) VALUES ('SM201708071501160616280','会员查询','1','/members/members.htm','1','admin','2017-09-30 17:28:19','','SM201708071452439275974','CD-YLQ000014');
INSERT INTO `tsys_menu` (`code`,`name`,`type`,`url`,`order_no`,`updater`,`update_datetime`,`remark`,`parent_code`,`system_code`) VALUES ('SM201708071507011747619','审核','2','/check','1','admin','2017-09-30 17:28:19','','SM201708232117575498751','CD-YLQ000014');
INSERT INTO `tsys_menu` (`code`,`name`,`type`,`url`,`order_no`,`updater`,`update_datetime`,`remark`,`parent_code`,`system_code`) VALUES ('SM201708071507268774905','额度审批','1','/oansBefore/audit.htm','1','admin','2017-09-30 17:28:19','','SM201707261747250339518','CD-YLQ000014');
INSERT INTO `tsys_menu` (`code`,`name`,`type`,`url`,`order_no`,`updater`,`update_datetime`,`remark`,`parent_code`,`system_code`) VALUES ('SM201708071508058991967','产品管理','1','/borrowManage/product.htm','1','admin','2017-09-30 17:28:19','','SM201709061600347699783','CD-YLQ000014');
INSERT INTO `tsys_menu` (`code`,`name`,`type`,`url`,`order_no`,`updater`,`update_datetime`,`remark`,`parent_code`,`system_code`) VALUES ('SM201708071508282156023','打款审批','1','/borrowManage/moneyCheck.htm','1','admin','2017-09-30 17:28:19','','SM201707261747450824730','CD-YLQ000014');
INSERT INTO `tsys_menu` (`code`,`name`,`type`,`url`,`order_no`,`updater`,`update_datetime`,`remark`,`parent_code`,`system_code`) VALUES ('SM201708071508534869053','还款中订单','1','/borrowManage/moneyBack.htm','5','admin','2017-09-30 17:28:19','','SM201707261747450824730','CD-YLQ000014');
INSERT INTO `tsys_menu` (`code`,`name`,`type`,`url`,`order_no`,`updater`,`update_datetime`,`remark`,`parent_code`,`system_code`) VALUES ('SM201708071511351107502','逾期订单','1','/afetrLoan/outTime.htm','1','admin','2017-09-30 17:28:19','','SM201708071451454165989','CD-YLQ000014');
INSERT INTO `tsys_menu` (`code`,`name`,`type`,`url`,`order_no`,`updater`,`update_datetime`,`remark`,`parent_code`,`system_code`) VALUES ('SM201708071512012672115','确认坏账订单','1','/afetrLoan/badDebat.htm','4','admin','2017-09-30 17:28:19','','SM201708071451454165989','CD-YLQ000014');
INSERT INTO `tsys_menu` (`code`,`name`,`type`,`url`,`order_no`,`updater`,`update_datetime`,`remark`,`parent_code`,`system_code`) VALUES ('SM201708071512256685382','优惠券管理','1','/coupons/manage.htm','1','admin','2017-09-30 17:28:19','','SM20170807145206101437','CD-YLQ000014');
INSERT INTO `tsys_menu` (`code`,`name`,`type`,`url`,`order_no`,`updater`,`update_datetime`,`remark`,`parent_code`,`system_code`) VALUES ('SM201708071512479798921','优惠券发放','1','/coupons/provide.htm','2','admin','2017-09-30 17:28:19','','SM20170807145206101437','CD-YLQ000014');
INSERT INTO `tsys_menu` (`code`,`name`,`type`,`url`,`order_no`,`updater`,`update_datetime`,`remark`,`parent_code`,`system_code`) VALUES ('SM201708091124302986006','系统参数管理','1','#','3','admin','2017-09-30 17:28:19','','YLQSM201600001000000001','CD-YLQ000014');
INSERT INTO `tsys_menu` (`code`,`name`,`type`,`url`,`order_no`,`updater`,`update_datetime`,`remark`,`parent_code`,`system_code`) VALUES ('SM201708111748512971755','新增','2','/add','1','admin','2017-09-30 17:28:19','','SM201708071508058991967','CD-YLQ000014');
INSERT INTO `tsys_menu` (`code`,`name`,`type`,`url`,`order_no`,`updater`,`update_datetime`,`remark`,`parent_code`,`system_code`) VALUES ('SM20170811174916362472','修改','2','/edit','2','admin','2017-09-30 17:28:19','','SM201708071508058991967','CD-YLQ000014');
INSERT INTO `tsys_menu` (`code`,`name`,`type`,`url`,`order_no`,`updater`,`update_datetime`,`remark`,`parent_code`,`system_code`) VALUES ('SM201708111749554168986','上架','2','/up2','3','admin','2017-09-30 17:28:19','','SM201708071508058991967','CD-YLQ000014');
INSERT INTO `tsys_menu` (`code`,`name`,`type`,`url`,`order_no`,`updater`,`update_datetime`,`remark`,`parent_code`,`system_code`) VALUES ('SM201708111750176783455','下架','2','/down','4','admin','2017-09-30 17:28:19','','SM201708071508058991967','CD-YLQ000014');
INSERT INTO `tsys_menu` (`code`,`name`,`type`,`url`,`order_no`,`updater`,`update_datetime`,`remark`,`parent_code`,`system_code`) VALUES ('SM201708111750409784736','详情','2','/detail','5','admin','2017-09-30 17:28:19','','SM201708071508058991967','CD-YLQ000014');
INSERT INTO `tsys_menu` (`code`,`name`,`type`,`url`,`order_no`,`updater`,`update_datetime`,`remark`,`parent_code`,`system_code`) VALUES ('SM201708121352107968730','待放款订单','1','/borrowManage/moneyWait.htm','3','admin','2017-09-30 17:28:19','','SM201707261747450824730','CD-YLQ000014');
INSERT INTO `tsys_menu` (`code`,`name`,`type`,`url`,`order_no`,`updater`,`update_datetime`,`remark`,`parent_code`,`system_code`) VALUES ('SM201708122156387433834','审核','2','/check','1','admin','2017-09-30 17:28:19','','SM201708071507268774905','CD-YLQ000014');
INSERT INTO `tsys_menu` (`code`,`name`,`type`,`url`,`order_no`,`updater`,`update_datetime`,`remark`,`parent_code`,`system_code`) VALUES ('SM201708122157282325744','详情','2','/detail','3','admin','2017-09-30 17:28:19','','SM201708121352107968730','CD-YLQ000014');
INSERT INTO `tsys_menu` (`code`,`name`,`type`,`url`,`order_no`,`updater`,`update_datetime`,`remark`,`parent_code`,`system_code`) VALUES ('SM201708161114137125273','修改','2','/edit','1','admin','2017-09-30 17:28:19','','SM201708071512256685382','CD-YLQ000014');
INSERT INTO `tsys_menu` (`code`,`name`,`type`,`url`,`order_no`,`updater`,`update_datetime`,`remark`,`parent_code`,`system_code`) VALUES ('SM201708161114401741957','详情','2','/detail','2','admin','2017-09-30 17:28:19','','SM201708071512256685382','CD-YLQ000014');
INSERT INTO `tsys_menu` (`code`,`name`,`type`,`url`,`order_no`,`updater`,`update_datetime`,`remark`,`parent_code`,`system_code`) VALUES ('SM20170816111540982883','人工发放','2','/add','1','admin','2017-09-30 17:28:19','','SM201708071512479798921','CD-YLQ000014');
INSERT INTO `tsys_menu` (`code`,`name`,`type`,`url`,`order_no`,`updater`,`update_datetime`,`remark`,`parent_code`,`system_code`) VALUES ('SM201708161116139277868','回收','2','/edit','2','admin','2017-09-30 17:28:19','','SM201708071512479798921','CD-YLQ000014');
INSERT INTO `tsys_menu` (`code`,`name`,`type`,`url`,`order_no`,`updater`,`update_datetime`,`remark`,`parent_code`,`system_code`) VALUES ('SM201708161116396921918','详情','2','/detail','3','admin','2017-09-30 17:28:19','','SM201708071512479798921','CD-YLQ000014');
INSERT INTO `tsys_menu` (`code`,`name`,`type`,`url`,`order_no`,`updater`,`update_datetime`,`remark`,`parent_code`,`system_code`) VALUES ('SM201708161343379834734','开启/关闭','2','/opean','0','admin','2017-09-30 17:28:19','','SM201708071512256685382','CD-YLQ000014');
INSERT INTO `tsys_menu` (`code`,`name`,`type`,`url`,`order_no`,`updater`,`update_datetime`,`remark`,`parent_code`,`system_code`) VALUES ('SM201708171117018936918','审核','2','/check','1','admin','2017-09-30 17:28:19','','SM201708071508282156023','CD-YLQ000014');
INSERT INTO `tsys_menu` (`code`,`name`,`type`,`url`,`order_no`,`updater`,`update_datetime`,`remark`,`parent_code`,`system_code`) VALUES ('SM20170817111734833646','详情','2','/detail','3','admin','2017-09-30 17:28:19','','SM201708071508282156023','CD-YLQ000014');
INSERT INTO `tsys_menu` (`code`,`name`,`type`,`url`,`order_no`,`updater`,`update_datetime`,`remark`,`parent_code`,`system_code`) VALUES ('SM201708171435014109013','导出','2','/export','4','admin','2017-09-30 17:28:19','','SM201708071508282156023','CD-YLQ000014');
INSERT INTO `tsys_menu` (`code`,`name`,`type`,`url`,`order_no`,`updater`,`update_datetime`,`remark`,`parent_code`,`system_code`) VALUES ('SM20170817143532126439','导出','2','/export','2','admin','2017-09-30 17:28:19','','SM201708071508534869053','CD-YLQ000014');
INSERT INTO `tsys_menu` (`code`,`name`,`type`,`url`,`order_no`,`updater`,`update_datetime`,`remark`,`parent_code`,`system_code`) VALUES ('SM201708171435571187682','导出','2','/export','4','admin','2017-09-30 17:28:19','','SM201708071511351107502','CD-YLQ000014');
INSERT INTO `tsys_menu` (`code`,`name`,`type`,`url`,`order_no`,`updater`,`update_datetime`,`remark`,`parent_code`,`system_code`) VALUES ('SM201708171436208007438','导出','2','/export','2','admin','2017-09-30 17:28:19','','SM201708071512012672115','CD-YLQ000014');
INSERT INTO `tsys_menu` (`code`,`name`,`type`,`url`,`order_no`,`updater`,`update_datetime`,`remark`,`parent_code`,`system_code`) VALUES ('SM201708171436540626776','详情','2','/detail','1','admin','2017-09-30 17:28:19','','SM201708071508534869053','CD-YLQ000014');
INSERT INTO `tsys_menu` (`code`,`name`,`type`,`url`,`order_no`,`updater`,`update_datetime`,`remark`,`parent_code`,`system_code`) VALUES ('SM2017081714371781556','详情','2','/detail','3','admin','2017-09-30 17:28:19','','SM201708071511351107502','CD-YLQ000014');
INSERT INTO `tsys_menu` (`code`,`name`,`type`,`url`,`order_no`,`updater`,`update_datetime`,`remark`,`parent_code`,`system_code`) VALUES ('SM201708171437432547268','详情','2','/detail','1','admin','2017-09-30 17:28:19','','SM201708071512012672115','CD-YLQ000014');
INSERT INTO `tsys_menu` (`code`,`name`,`type`,`url`,`order_no`,`updater`,`update_datetime`,`remark`,`parent_code`,`system_code`) VALUES ('SM20170817154845179227','借款记录','2','/borrow','1','admin','2017-09-30 17:28:19','','SM201708071501160616280','CD-YLQ000014');
INSERT INTO `tsys_menu` (`code`,`name`,`type`,`url`,`order_no`,`updater`,`update_datetime`,`remark`,`parent_code`,`system_code`) VALUES ('SM201708171550048941018','优惠券情况','2','/discount','2','admin','2017-09-30 17:28:19','','SM201708071501160616280','CD-YLQ000014');
INSERT INTO `tsys_menu` (`code`,`name`,`type`,`url`,`order_no`,`updater`,`update_datetime`,`remark`,`parent_code`,`system_code`) VALUES ('SM201708171702274727044','确认坏账','2','/confirm','1','admin','2017-09-30 17:28:19','','SM20170906163351853866','CD-YLQ000014');
INSERT INTO `tsys_menu` (`code`,`name`,`type`,`url`,`order_no`,`updater`,`update_datetime`,`remark`,`parent_code`,`system_code`) VALUES ('SM20170817190200294878','正常还款订单','1','/borrowManage/backAlready.htm','8','admin','2017-09-30 17:28:19','','SM201707261747450824730','CD-YLQ000014');
INSERT INTO `tsys_menu` (`code`,`name`,`type`,`url`,`order_no`,`updater`,`update_datetime`,`remark`,`parent_code`,`system_code`) VALUES ('SM20170817190225126189','详情','2','/detail','1','admin','2017-09-30 17:28:19','','SM20170817190200294878','CD-YLQ000014');
INSERT INTO `tsys_menu` (`code`,`name`,`type`,`url`,`order_no`,`updater`,`update_datetime`,`remark`,`parent_code`,`system_code`) VALUES ('SM201708171902547796589','导出','2','/export','2','admin','2017-09-30 17:28:19','','SM20170817190200294878','CD-YLQ000014');
INSERT INTO `tsys_menu` (`code`,`name`,`type`,`url`,`order_no`,`updater`,`update_datetime`,`remark`,`parent_code`,`system_code`) VALUES ('SM201708182237428263004','修改','2','/edit','1','admin','2017-09-30 17:28:19','','SM201708071355289904791','CD-YLQ000014');
INSERT INTO `tsys_menu` (`code`,`name`,`type`,`url`,`order_no`,`updater`,`update_datetime`,`remark`,`parent_code`,`system_code`) VALUES ('SM20170818223805070243','修改','2','/edit','1','admin','2017-09-30 17:28:19','','SM201708071356054479020','CD-YLQ000014');
INSERT INTO `tsys_menu` (`code`,`name`,`type`,`url`,`order_no`,`updater`,`update_datetime`,`remark`,`parent_code`,`system_code`) VALUES ('SM201708221731395824621','归档','2','/filed','0','admin','2017-09-30 17:28:19','','SM20170817190200294878','CD-YLQ000014');
INSERT INTO `tsys_menu` (`code`,`name`,`type`,`url`,`order_no`,`updater`,`update_datetime`,`remark`,`parent_code`,`system_code`) VALUES ('SM20170822180050178936','注销/激活','2','/active','4','admin','2017-09-30 17:28:19','','SM201708071501160616280','CD-YLQ000014');
INSERT INTO `tsys_menu` (`code`,`name`,`type`,`url`,`order_no`,`updater`,`update_datetime`,`remark`,`parent_code`,`system_code`) VALUES ('SM201708231044579116110','修改手机号审批','1','/members/telCheck.htm','2','admin','2017-09-30 17:28:19','','SM201708071452439275974','CD-YLQ000014');
INSERT INTO `tsys_menu` (`code`,`name`,`type`,`url`,`order_no`,`updater`,`update_datetime`,`remark`,`parent_code`,`system_code`) VALUES ('SM201708231045516438211','审核','2','/check','1','admin','2017-09-30 17:28:19','','SM201708231044579116110','CD-YLQ000014');
INSERT INTO `tsys_menu` (`code`,`name`,`type`,`url`,`order_no`,`updater`,`update_datetime`,`remark`,`parent_code`,`system_code`) VALUES ('SM201708231131548957945','详情','2','/detail','2','admin','2017-09-30 17:28:19','','SM201708231044579116110','CD-YLQ000014');
INSERT INTO `tsys_menu` (`code`,`name`,`type`,`url`,`order_no`,`updater`,`update_datetime`,`remark`,`parent_code`,`system_code`) VALUES ('SM201708231648307619561','黑名单查询','1','/members/blackList.htm','3','admin','2017-09-30 17:28:19','','SM201708071452439275974','CD-YLQ000014');
INSERT INTO `tsys_menu` (`code`,`name`,`type`,`url`,`order_no`,`updater`,`update_datetime`,`remark`,`parent_code`,`system_code`) VALUES ('SM201708231649104958224','移出黑名单','2','/remove','1','admin','2017-09-30 17:28:19','','SM201708231648307619561','CD-YLQ000014');
INSERT INTO `tsys_menu` (`code`,`name`,`type`,`url`,`order_no`,`updater`,`update_datetime`,`remark`,`parent_code`,`system_code`) VALUES ('SM201708231950576596223','未批额度订单','1','/oansBefore/query.htm','2','admin','2017-09-30 17:28:19','','SM201707261747250339518','CD-YLQ000014');
INSERT INTO `tsys_menu` (`code`,`name`,`type`,`url`,`order_no`,`updater`,`update_datetime`,`remark`,`parent_code`,`system_code`) VALUES ('SM20170823195259044857','详情','2','/detail','1','admin','2017-09-30 17:28:19','','SM201708231950576596223','CD-YLQ000014');
INSERT INTO `tsys_menu` (`code`,`name`,`type`,`url`,`order_no`,`updater`,`update_datetime`,`remark`,`parent_code`,`system_code`) VALUES ('SM201708232117356419291','线下续期审批','1','/borrowManage/offlineRenewal.htm','7','admin','2017-09-30 17:28:19','','SM201707261747450824730','CD-YLQ000014');
INSERT INTO `tsys_menu` (`code`,`name`,`type`,`url`,`order_no`,`updater`,`update_datetime`,`remark`,`parent_code`,`system_code`) VALUES ('SM201708232117575498751','线下还款审批','1','/borrowManage/offlinePayment.htm','6','admin','2017-09-30 17:28:19','','SM201707261747450824730','CD-YLQ000014');
INSERT INTO `tsys_menu` (`code`,`name`,`type`,`url`,`order_no`,`updater`,`update_datetime`,`remark`,`parent_code`,`system_code`) VALUES ('SM201708241453322228980','审核不通过订单','1','/borrowManage/moneyCancel.htm','2','admin','2017-09-30 17:28:19','','SM201707261747450824730','CD-YLQ000014');
INSERT INTO `tsys_menu` (`code`,`name`,`type`,`url`,`order_no`,`updater`,`update_datetime`,`remark`,`parent_code`,`system_code`) VALUES ('SM201708241454242452171','详情','2','/detail','1','admin','2017-09-30 17:28:19','','SM201708241453322228980','CD-YLQ000014');
INSERT INTO `tsys_menu` (`code`,`name`,`type`,`url`,`order_no`,`updater`,`update_datetime`,`remark`,`parent_code`,`system_code`) VALUES ('SM201708241454472641153','导出','2','/export','2','admin','2017-09-30 17:28:19','','SM201708241453322228980','CD-YLQ000014');
INSERT INTO `tsys_menu` (`code`,`name`,`type`,`url`,`order_no`,`updater`,`update_datetime`,`remark`,`parent_code`,`system_code`) VALUES ('SM201709051456374016074','认证信息报告','2','/report','2','admin','2017-09-30 17:28:19','','SM20170906163351853866','CD-YLQ000014');
INSERT INTO `tsys_menu` (`code`,`name`,`type`,`url`,`order_no`,`updater`,`update_datetime`,`remark`,`parent_code`,`system_code`) VALUES ('SM201709061516339571200','放款失败','2','/failed','12','admin','2017-09-30 17:28:19','','SM201708121352107968730','CD-YLQ000014');
INSERT INTO `tsys_menu` (`code`,`name`,`type`,`url`,`order_no`,`updater`,`update_datetime`,`remark`,`parent_code`,`system_code`) VALUES ('SM201709061600347699783','产品管理','1','#','5','admin','2017-09-30 17:28:19','','SM201707261741263791893','CD-YLQ000014');
INSERT INTO `tsys_menu` (`code`,`name`,`type`,`url`,`order_no`,`updater`,`update_datetime`,`remark`,`parent_code`,`system_code`) VALUES ('SM201709061610053357582','放款失败订单','1','/borrowManage/moneyfailed.htm','4','admin','2017-09-30 17:28:19','','SM201707261747450824730','CD-YLQ000014');
INSERT INTO `tsys_menu` (`code`,`name`,`type`,`url`,`order_no`,`updater`,`update_datetime`,`remark`,`parent_code`,`system_code`) VALUES ('SM20170906163351853866','逾期还款中订单','1','/afetrLoan/outTimeBacking.htm','2','admin','2017-09-30 17:28:19','','SM201708071451454165989','CD-YLQ000014');
INSERT INTO `tsys_menu` (`code`,`name`,`type`,`url`,`order_no`,`updater`,`update_datetime`,`remark`,`parent_code`,`system_code`) VALUES ('SM201709061634387129503','逾期已还款订单','1','/afetrLoan/outTimeBackAlready.htm','3','admin','2017-09-30 17:28:19','','SM201708071451454165989','CD-YLQ000014');
INSERT INTO `tsys_menu` (`code`,`name`,`type`,`url`,`order_no`,`updater`,`update_datetime`,`remark`,`parent_code`,`system_code`) VALUES ('SM201709061643437993325','详情','2','/detail','1','admin','2017-09-30 17:28:19','','SM201709061610053357582','CD-YLQ000014');
INSERT INTO `tsys_menu` (`code`,`name`,`type`,`url`,`order_no`,`updater`,`update_datetime`,`remark`,`parent_code`,`system_code`) VALUES ('SM201709061644123706857','导出','2','/export','2','admin','2017-09-30 17:28:19','','SM201709061610053357582','CD-YLQ000014');
INSERT INTO `tsys_menu` (`code`,`name`,`type`,`url`,`order_no`,`updater`,`update_datetime`,`remark`,`parent_code`,`system_code`) VALUES ('SM201709061645007907662','详情','2','/detail','5','admin','2017-09-30 17:28:19','','SM20170906163351853866','CD-YLQ000014');
INSERT INTO `tsys_menu` (`code`,`name`,`type`,`url`,`order_no`,`updater`,`update_datetime`,`remark`,`parent_code`,`system_code`) VALUES ('SM201709061645248609679','导出','2','/export','6','admin','2017-09-30 17:28:19','','SM20170906163351853866','CD-YLQ000014');
INSERT INTO `tsys_menu` (`code`,`name`,`type`,`url`,`order_no`,`updater`,`update_datetime`,`remark`,`parent_code`,`system_code`) VALUES ('SM20170906164554638487','归档','2','/filed','1','admin','2017-09-30 17:28:19','','SM201709061634387129503','CD-YLQ000014');
INSERT INTO `tsys_menu` (`code`,`name`,`type`,`url`,`order_no`,`updater`,`update_datetime`,`remark`,`parent_code`,`system_code`) VALUES ('SM201709061647112423950','详情','2','/detail','2','admin','2017-09-30 17:28:19','','SM201709061634387129503','CD-YLQ000014');
INSERT INTO `tsys_menu` (`code`,`name`,`type`,`url`,`order_no`,`updater`,`update_datetime`,`remark`,`parent_code`,`system_code`) VALUES ('SM201709061647339684423','导出','2','export','3','admin','2017-09-30 17:28:19','','SM201709061634387129503','CD-YLQ000014');
INSERT INTO `tsys_menu` (`code`,`name`,`type`,`url`,`order_no`,`updater`,`update_datetime`,`remark`,`parent_code`,`system_code`) VALUES ('SM201709071533572994472','详情','2','/detail','2','admin','2017-09-30 17:28:19','','SM201708071507268774905','CD-YLQ000014');
INSERT INTO `tsys_menu` (`code`,`name`,`type`,`url`,`order_no`,`updater`,`update_datetime`,`remark`,`parent_code`,`system_code`) VALUES ('SM201709071534339413916','导出','2','/export','3','admin','2017-09-30 17:28:19','','SM201708071507268774905','CD-YLQ000014');
INSERT INTO `tsys_menu` (`code`,`name`,`type`,`url`,`order_no`,`updater`,`update_datetime`,`remark`,`parent_code`,`system_code`) VALUES ('SM20170907153458964880','导出','2','/export','5','admin','2017-09-30 17:28:19','','SM201708071501160616280','CD-YLQ000014');
INSERT INTO `tsys_menu` (`code`,`name`,`type`,`url`,`order_no`,`updater`,`update_datetime`,`remark`,`parent_code`,`system_code`) VALUES ('SM201709071659128803343','已批额度订单','1','oansBefore/alreadyQuery.htm','3','admin','2017-09-30 17:28:19','','SM201707261747250339518','CD-YLQ000014');
INSERT INTO `tsys_menu` (`code`,`name`,`type`,`url`,`order_no`,`updater`,`update_datetime`,`remark`,`parent_code`,`system_code`) VALUES ('SM201709071700146864602','详情','2','/detail','1','admin','2017-09-30 17:28:19','','SM201709071659128803343','CD-YLQ000014');
INSERT INTO `tsys_menu` (`code`,`name`,`type`,`url`,`order_no`,`updater`,`update_datetime`,`remark`,`parent_code`,`system_code`) VALUES ('SM201709072048471569273','催收','2','/press','0','admin','2017-09-30 17:28:19','','SM20170906163351853866','CD-YLQ000014');
INSERT INTO `tsys_menu` (`code`,`name`,`type`,`url`,`order_no`,`updater`,`update_datetime`,`remark`,`parent_code`,`system_code`) VALUES ('SM201709072056238373820','程筛规则','1','/oansBefore/csRule.htm','0','admin','2017-09-30 17:28:19','','SM201707261747250339518','CD-YLQ000014');
INSERT INTO `tsys_menu` (`code`,`name`,`type`,`url`,`order_no`,`updater`,`update_datetime`,`remark`,`parent_code`,`system_code`) VALUES ('SM201709072056522372406','修改','2','/edit','1','admin','2017-09-30 17:28:19','','SM201709072056238373820','CD-YLQ000014');
INSERT INTO `tsys_menu` (`code`,`name`,`type`,`url`,`order_no`,`updater`,`update_datetime`,`remark`,`parent_code`,`system_code`) VALUES ('SM201709072209524842524','续期记录查询','2','/renewal','0','admin','2017-09-30 17:28:19','','SM201708071508534869053','CD-YLQ000014');
INSERT INTO `tsys_menu` (`code`,`name`,`type`,`url`,`order_no`,`updater`,`update_datetime`,`remark`,`parent_code`,`system_code`) VALUES ('SM201709072238341143858','续期记录查询','2','/renewal','4','admin','2017-09-30 17:28:19','','SM20170906163351853866','CD-YLQ000014');
INSERT INTO `tsys_menu` (`code`,`name`,`type`,`url`,`order_no`,`updater`,`update_datetime`,`remark`,`parent_code`,`system_code`) VALUES ('SM201709081146091358854','导出','2','/export','2','admin','2017-09-30 17:28:19','','SM201708231950576596223','CD-YLQ000014');
INSERT INTO `tsys_menu` (`code`,`name`,`type`,`url`,`order_no`,`updater`,`update_datetime`,`remark`,`parent_code`,`system_code`) VALUES ('SM201709081146366074462','导出','2','/export','2','admin','2017-09-30 17:28:19','','SM201709071659128803343','CD-YLQ000014');
INSERT INTO `tsys_menu` (`code`,`name`,`type`,`url`,`order_no`,`updater`,`update_datetime`,`remark`,`parent_code`,`system_code`) VALUES ('SM201709091105194285399','导出','2','/export','3','admin','2017-09-30 17:28:19','','SM201708232117356419291','CD-YLQ000014');
INSERT INTO `tsys_menu` (`code`,`name`,`type`,`url`,`order_no`,`updater`,`update_datetime`,`remark`,`parent_code`,`system_code`) VALUES ('SM201709091105488557747','导出','2','/export','3','admin','2017-09-30 17:28:19','','SM201708232117575498751','CD-YLQ000014');
INSERT INTO `tsys_menu` (`code`,`name`,`type`,`url`,`order_no`,`updater`,`update_datetime`,`remark`,`parent_code`,`system_code`) VALUES ('SM20170912190345302315','添加备注','2','/addRemark','0','admin','2017-09-30 17:28:19','','SM201708071512012672115','CD-YLQ000014');
INSERT INTO `tsys_menu` (`code`,`name`,`type`,`url`,`order_no`,`updater`,`update_datetime`,`remark`,`parent_code`,`system_code`) VALUES ('SM201709200658553691986','宝付代付申请','2','/paid','2','admin','2017-09-30 17:28:19','','SM201708121352107968730','CD-YLQ000014');
INSERT INTO `tsys_menu` (`code`,`name`,`type`,`url`,`order_no`,`updater`,`update_datetime`,`remark`,`parent_code`,`system_code`) VALUES ('SM201709200705597256865','代付结果查询','2','/query','21','admin','2017-09-30 17:28:19','','SM201708121352107968730','CD-YLQ000014');
INSERT INTO `tsys_menu` (`code`,`name`,`type`,`url`,`order_no`,`updater`,`update_datetime`,`remark`,`parent_code`,`system_code`) VALUES ('SM201709301726521467138','合同模板管理','1','/general/htRule.htm','0','admin','2017-09-30 17:28:19','','SM201708091124302986006','CD-YLQ000014');
INSERT INTO `tsys_menu` (`code`,`name`,`type`,`url`,`order_no`,`updater`,`update_datetime`,`remark`,`parent_code`,`system_code`) VALUES ('SM201709301727035194747','修改','2','edit','1','admin','2017-09-30 17:28:19','','SM201709301726521467138','CD-YLQ000014');
INSERT INTO `tsys_menu` (`code`,`name`,`type`,`url`,`order_no`,`updater`,`update_datetime`,`remark`,`parent_code`,`system_code`) VALUES ('YLQSM201600000000000000','根目录','1','#','1','admin','2017-09-30 17:28:19','','','CD-YLQ000014');
INSERT INTO `tsys_menu` (`code`,`name`,`type`,`url`,`order_no`,`updater`,`update_datetime`,`remark`,`parent_code`,`system_code`) VALUES ('YLQSM201600001000000001','系统管理','1','#','1','admin','2017-09-30 17:28:19','','YLQSM201600000000000000','CD-YLQ000014');
INSERT INTO `tsys_menu` (`code`,`name`,`type`,`url`,`order_no`,`updater`,`update_datetime`,`remark`,`parent_code`,`system_code`) VALUES ('YLQSM201600001000000002','运维管理','1','#','2','admin','2017-09-30 17:28:19',NULL,'YLQSM201600001000000001','CD-YLQ000014');
INSERT INTO `tsys_menu` (`code`,`name`,`type`,`url`,`order_no`,`updater`,`update_datetime`,`remark`,`parent_code`,`system_code`) VALUES ('YLQSM201600001000000003','菜单管理','1','/security/menu.htm','1','admin','2017-09-30 17:28:19',NULL,'YLQSM201600001000000002','CD-YLQ000014');
INSERT INTO `tsys_menu` (`code`,`name`,`type`,`url`,`order_no`,`updater`,`update_datetime`,`remark`,`parent_code`,`system_code`) VALUES ('YLQSM201600001000000004','新增','2','/add','1','admin','2017-09-30 17:28:19','','YLQSM201600001000000003','CD-YLQ000014');
INSERT INTO `tsys_menu` (`code`,`name`,`type`,`url`,`order_no`,`updater`,`update_datetime`,`remark`,`parent_code`,`system_code`) VALUES ('YLQSM2016101716241339082','运营管理','1','#','1','admin','2017-09-30 17:28:19','','YLQSM201600001000000001','CD-YLQ000014');
INSERT INTO `tsys_menu` (`code`,`name`,`type`,`url`,`order_no`,`updater`,`update_datetime`,`remark`,`parent_code`,`system_code`) VALUES ('YLQSM2016101716253866426','角色管理','1','/security/role.htm','1','admin','2017-09-30 17:28:19','','YLQSM2016101716241339082','CD-YLQ000014');
INSERT INTO `tsys_menu` (`code`,`name`,`type`,`url`,`order_no`,`updater`,`update_datetime`,`remark`,`parent_code`,`system_code`) VALUES ('YLQSM2016101716261754674','用户管理','1','/security/user.htm','2','admin','2017-09-30 17:28:19','','YLQSM2016101716241339082','CD-YLQ000014');
INSERT INTO `tsys_menu` (`code`,`name`,`type`,`url`,`order_no`,`updater`,`update_datetime`,`remark`,`parent_code`,`system_code`) VALUES ('YLQSM2016101716290657836','图片参数管理','1','/general/param.htm','1','admin','2017-09-30 17:28:19','','SM201708091124302986006','CD-YLQ000014');
INSERT INTO `tsys_menu` (`code`,`name`,`type`,`url`,`order_no`,`updater`,`update_datetime`,`remark`,`parent_code`,`system_code`) VALUES ('YLQSM2016101716295904680','数据字典管理','1','/general/dict.htm','3','admin','2017-09-30 17:28:19','','YLQSM201600001000000002','CD-YLQ000014');
INSERT INTO `tsys_menu` (`code`,`name`,`type`,`url`,`order_no`,`updater`,`update_datetime`,`remark`,`parent_code`,`system_code`) VALUES ('YLQSM2016101716450533995','分配菜单','2','/change','4','admin','2017-09-30 17:28:19','','YLQSM2016101716253866426','CD-YLQ000014');
INSERT INTO `tsys_menu` (`code`,`name`,`type`,`url`,`order_no`,`updater`,`update_datetime`,`remark`,`parent_code`,`system_code`) VALUES ('YLQSM2016101717551955993','新增','2','/add','1','admin','2017-09-30 17:28:19','','YLQSM2016101716253866426','CD-YLQ000014');
INSERT INTO `tsys_menu` (`code`,`name`,`type`,`url`,`order_no`,`updater`,`update_datetime`,`remark`,`parent_code`,`system_code`) VALUES ('YLQSM2016101717560118734','修改','2','/edit','2','admin','2017-09-30 17:28:19','','YLQSM2016101716253866426','CD-YLQ000014');
INSERT INTO `tsys_menu` (`code`,`name`,`type`,`url`,`order_no`,`updater`,`update_datetime`,`remark`,`parent_code`,`system_code`) VALUES ('YLQSM2016101717563661357','删除','2','/delete','3','admin','2017-09-30 17:28:19','','YLQSM2016101716253866426','CD-YLQ000014');
INSERT INTO `tsys_menu` (`code`,`name`,`type`,`url`,`order_no`,`updater`,`update_datetime`,`remark`,`parent_code`,`system_code`) VALUES ('YLQSM2016101719082391126','新增','2','/add','1','admin','2017-09-30 17:28:19','','YLQSM2016101716261754674','CD-YLQ000014');
INSERT INTO `tsys_menu` (`code`,`name`,`type`,`url`,`order_no`,`updater`,`update_datetime`,`remark`,`parent_code`,`system_code`) VALUES ('YLQSM2016101719094151894','重置密码','2','/reset','2','admin','2017-09-30 17:28:19','','YLQSM2016101716261754674','CD-YLQ000014');
INSERT INTO `tsys_menu` (`code`,`name`,`type`,`url`,`order_no`,`updater`,`update_datetime`,`remark`,`parent_code`,`system_code`) VALUES ('YLQSM2016101719100760088','注销','2','/rock','4','admin','2017-09-30 17:28:19','','YLQSM2016101716261754674','CD-YLQ000014');
INSERT INTO `tsys_menu` (`code`,`name`,`type`,`url`,`order_no`,`updater`,`update_datetime`,`remark`,`parent_code`,`system_code`) VALUES ('YLQSM2016101719110981215','设置角色','2','/assign','5','admin','2017-09-30 17:28:19','','YLQSM2016101716261754674','CD-YLQ000014');
INSERT INTO `tsys_menu` (`code`,`name`,`type`,`url`,`order_no`,`updater`,`update_datetime`,`remark`,`parent_code`,`system_code`) VALUES ('YLQSM2016101719140087629','修改','2','/edit','1','admin','2017-09-30 17:28:19','','YLQSM2016101716290657836','CD-YLQ000014');
INSERT INTO `tsys_menu` (`code`,`name`,`type`,`url`,`order_no`,`updater`,`update_datetime`,`remark`,`parent_code`,`system_code`) VALUES ('YLQSM2016101719143965297','修改','2','/edit','1','admin','2017-09-30 17:28:19','','YLQSM2016101716295904680','CD-YLQ000014');
INSERT INTO `tsys_menu` (`code`,`name`,`type`,`url`,`order_no`,`updater`,`update_datetime`,`remark`,`parent_code`,`system_code`) VALUES ('YLQSM2016120610552303416','激活','2','/active','3','admin','2017-09-30 17:28:19','','YLQSM2016101716261754674','CD-YLQ000014');
INSERT INTO `tsys_menu` (`code`,`name`,`type`,`url`,`order_no`,`updater`,`update_datetime`,`remark`,`parent_code`,`system_code`) VALUES ('YLQSM2017032911200961325','修改','2','/edit','2','admin','2017-09-30 17:28:19','','YLQSM201600001000000003','CD-YLQ000014');

/*
-- Query: SELECT `role_code`,`menu_code`,`updater`,now() as `update_datetime`,`remark`,`system_code` FROM tsys_menu_role where system_code = 'CD-YLQ000014'
-- Date: 2017-09-30 17:29
*/
INSERT INTO `tsys_menu_role` (`role_code`,`menu_code`,`updater`,`update_datetime`,`remark`,`system_code`) VALUES ('sysAdmin','YLQSM201600000000000000','admin','2017-09-30 17:29:10',NULL,'CD-YLQ000014');
INSERT INTO `tsys_menu_role` (`role_code`,`menu_code`,`updater`,`update_datetime`,`remark`,`system_code`) VALUES ('sysAdmin','SM201707261741263791893','admin','2017-09-30 17:29:10',NULL,'CD-YLQ000014');
INSERT INTO `tsys_menu_role` (`role_code`,`menu_code`,`updater`,`update_datetime`,`remark`,`system_code`) VALUES ('sysAdmin','SM201707261747250339518','admin','2017-09-30 17:29:10',NULL,'CD-YLQ000014');
INSERT INTO `tsys_menu_role` (`role_code`,`menu_code`,`updater`,`update_datetime`,`remark`,`system_code`) VALUES ('sysAdmin','SM201708071507268774905','admin','2017-09-30 17:29:10',NULL,'CD-YLQ000014');
INSERT INTO `tsys_menu_role` (`role_code`,`menu_code`,`updater`,`update_datetime`,`remark`,`system_code`) VALUES ('sysAdmin','SM201708122156387433834','admin','2017-09-30 17:29:10',NULL,'CD-YLQ000014');
INSERT INTO `tsys_menu_role` (`role_code`,`menu_code`,`updater`,`update_datetime`,`remark`,`system_code`) VALUES ('sysAdmin','SM201709071533572994472','admin','2017-09-30 17:29:10',NULL,'CD-YLQ000014');
INSERT INTO `tsys_menu_role` (`role_code`,`menu_code`,`updater`,`update_datetime`,`remark`,`system_code`) VALUES ('sysAdmin','SM201709071534339413916','admin','2017-09-30 17:29:10',NULL,'CD-YLQ000014');
INSERT INTO `tsys_menu_role` (`role_code`,`menu_code`,`updater`,`update_datetime`,`remark`,`system_code`) VALUES ('sysAdmin','SM201708231950576596223','admin','2017-09-30 17:29:10',NULL,'CD-YLQ000014');
INSERT INTO `tsys_menu_role` (`role_code`,`menu_code`,`updater`,`update_datetime`,`remark`,`system_code`) VALUES ('sysAdmin','SM20170823195259044857','admin','2017-09-30 17:29:10',NULL,'CD-YLQ000014');
INSERT INTO `tsys_menu_role` (`role_code`,`menu_code`,`updater`,`update_datetime`,`remark`,`system_code`) VALUES ('sysAdmin','SM201709081146091358854','admin','2017-09-30 17:29:10',NULL,'CD-YLQ000014');
INSERT INTO `tsys_menu_role` (`role_code`,`menu_code`,`updater`,`update_datetime`,`remark`,`system_code`) VALUES ('sysAdmin','SM201709071659128803343','admin','2017-09-30 17:29:10',NULL,'CD-YLQ000014');
INSERT INTO `tsys_menu_role` (`role_code`,`menu_code`,`updater`,`update_datetime`,`remark`,`system_code`) VALUES ('sysAdmin','SM201709071700146864602','admin','2017-09-30 17:29:10',NULL,'CD-YLQ000014');
INSERT INTO `tsys_menu_role` (`role_code`,`menu_code`,`updater`,`update_datetime`,`remark`,`system_code`) VALUES ('sysAdmin','SM201709081146366074462','admin','2017-09-30 17:29:10',NULL,'CD-YLQ000014');
INSERT INTO `tsys_menu_role` (`role_code`,`menu_code`,`updater`,`update_datetime`,`remark`,`system_code`) VALUES ('sysAdmin','SM201709072056238373820','admin','2017-09-30 17:29:10',NULL,'CD-YLQ000014');
INSERT INTO `tsys_menu_role` (`role_code`,`menu_code`,`updater`,`update_datetime`,`remark`,`system_code`) VALUES ('sysAdmin','SM201709072056522372406','admin','2017-09-30 17:29:10',NULL,'CD-YLQ000014');
INSERT INTO `tsys_menu_role` (`role_code`,`menu_code`,`updater`,`update_datetime`,`remark`,`system_code`) VALUES ('sysAdmin','SM201707261747450824730','admin','2017-09-30 17:29:10',NULL,'CD-YLQ000014');
INSERT INTO `tsys_menu_role` (`role_code`,`menu_code`,`updater`,`update_datetime`,`remark`,`system_code`) VALUES ('sysAdmin','SM201708071412042227977','admin','2017-09-30 17:29:10',NULL,'CD-YLQ000014');
INSERT INTO `tsys_menu_role` (`role_code`,`menu_code`,`updater`,`update_datetime`,`remark`,`system_code`) VALUES ('sysAdmin','SM201708071412251077022','admin','2017-09-30 17:29:10',NULL,'CD-YLQ000014');
INSERT INTO `tsys_menu_role` (`role_code`,`menu_code`,`updater`,`update_datetime`,`remark`,`system_code`) VALUES ('sysAdmin','SM201708071415131876278','admin','2017-09-30 17:29:10',NULL,'CD-YLQ000014');
INSERT INTO `tsys_menu_role` (`role_code`,`menu_code`,`updater`,`update_datetime`,`remark`,`system_code`) VALUES ('sysAdmin','SM201708071508282156023','admin','2017-09-30 17:29:10',NULL,'CD-YLQ000014');
INSERT INTO `tsys_menu_role` (`role_code`,`menu_code`,`updater`,`update_datetime`,`remark`,`system_code`) VALUES ('sysAdmin','SM201708171117018936918','admin','2017-09-30 17:29:10',NULL,'CD-YLQ000014');
INSERT INTO `tsys_menu_role` (`role_code`,`menu_code`,`updater`,`update_datetime`,`remark`,`system_code`) VALUES ('sysAdmin','SM20170817111734833646','admin','2017-09-30 17:29:10',NULL,'CD-YLQ000014');
INSERT INTO `tsys_menu_role` (`role_code`,`menu_code`,`updater`,`update_datetime`,`remark`,`system_code`) VALUES ('sysAdmin','SM201708171435014109013','admin','2017-09-30 17:29:10',NULL,'CD-YLQ000014');
INSERT INTO `tsys_menu_role` (`role_code`,`menu_code`,`updater`,`update_datetime`,`remark`,`system_code`) VALUES ('sysAdmin','SM201708071508534869053','admin','2017-09-30 17:29:10',NULL,'CD-YLQ000014');
INSERT INTO `tsys_menu_role` (`role_code`,`menu_code`,`updater`,`update_datetime`,`remark`,`system_code`) VALUES ('sysAdmin','SM20170817143532126439','admin','2017-09-30 17:29:10',NULL,'CD-YLQ000014');
INSERT INTO `tsys_menu_role` (`role_code`,`menu_code`,`updater`,`update_datetime`,`remark`,`system_code`) VALUES ('sysAdmin','SM201708171436540626776','admin','2017-09-30 17:29:10',NULL,'CD-YLQ000014');
INSERT INTO `tsys_menu_role` (`role_code`,`menu_code`,`updater`,`update_datetime`,`remark`,`system_code`) VALUES ('sysAdmin','SM201709072209524842524','admin','2017-09-30 17:29:10',NULL,'CD-YLQ000014');
INSERT INTO `tsys_menu_role` (`role_code`,`menu_code`,`updater`,`update_datetime`,`remark`,`system_code`) VALUES ('sysAdmin','SM201708121352107968730','admin','2017-09-30 17:29:10',NULL,'CD-YLQ000014');
INSERT INTO `tsys_menu_role` (`role_code`,`menu_code`,`updater`,`update_datetime`,`remark`,`system_code`) VALUES ('sysAdmin','SM201708071450049267108','admin','2017-09-30 17:29:10',NULL,'CD-YLQ000014');
INSERT INTO `tsys_menu_role` (`role_code`,`menu_code`,`updater`,`update_datetime`,`remark`,`system_code`) VALUES ('sysAdmin','SM201708071450464839683','admin','2017-09-30 17:29:10',NULL,'CD-YLQ000014');
INSERT INTO `tsys_menu_role` (`role_code`,`menu_code`,`updater`,`update_datetime`,`remark`,`system_code`) VALUES ('sysAdmin','SM201708122157282325744','admin','2017-09-30 17:29:10',NULL,'CD-YLQ000014');
INSERT INTO `tsys_menu_role` (`role_code`,`menu_code`,`updater`,`update_datetime`,`remark`,`system_code`) VALUES ('sysAdmin','SM201709061516339571200','admin','2017-09-30 17:29:10',NULL,'CD-YLQ000014');
INSERT INTO `tsys_menu_role` (`role_code`,`menu_code`,`updater`,`update_datetime`,`remark`,`system_code`) VALUES ('sysAdmin','SM201709200658553691986','admin','2017-09-30 17:29:10',NULL,'CD-YLQ000014');
INSERT INTO `tsys_menu_role` (`role_code`,`menu_code`,`updater`,`update_datetime`,`remark`,`system_code`) VALUES ('sysAdmin','SM201709200705597256865','admin','2017-09-30 17:29:10',NULL,'CD-YLQ000014');
INSERT INTO `tsys_menu_role` (`role_code`,`menu_code`,`updater`,`update_datetime`,`remark`,`system_code`) VALUES ('sysAdmin','SM20170817190200294878','admin','2017-09-30 17:29:10',NULL,'CD-YLQ000014');
INSERT INTO `tsys_menu_role` (`role_code`,`menu_code`,`updater`,`update_datetime`,`remark`,`system_code`) VALUES ('sysAdmin','SM20170817190225126189','admin','2017-09-30 17:29:10',NULL,'CD-YLQ000014');
INSERT INTO `tsys_menu_role` (`role_code`,`menu_code`,`updater`,`update_datetime`,`remark`,`system_code`) VALUES ('sysAdmin','SM201708171902547796589','admin','2017-09-30 17:29:10',NULL,'CD-YLQ000014');
INSERT INTO `tsys_menu_role` (`role_code`,`menu_code`,`updater`,`update_datetime`,`remark`,`system_code`) VALUES ('sysAdmin','SM201708221731395824621','admin','2017-09-30 17:29:10',NULL,'CD-YLQ000014');
INSERT INTO `tsys_menu_role` (`role_code`,`menu_code`,`updater`,`update_datetime`,`remark`,`system_code`) VALUES ('sysAdmin','SM201708232117356419291','admin','2017-09-30 17:29:10',NULL,'CD-YLQ000014');
INSERT INTO `tsys_menu_role` (`role_code`,`menu_code`,`updater`,`update_datetime`,`remark`,`system_code`) VALUES ('sysAdmin','SM20170807114715900667','admin','2017-09-30 17:29:10',NULL,'CD-YLQ000014');
INSERT INTO `tsys_menu_role` (`role_code`,`menu_code`,`updater`,`update_datetime`,`remark`,`system_code`) VALUES ('sysAdmin','SM201708071445429053500','admin','2017-09-30 17:29:10',NULL,'CD-YLQ000014');
INSERT INTO `tsys_menu_role` (`role_code`,`menu_code`,`updater`,`update_datetime`,`remark`,`system_code`) VALUES ('sysAdmin','SM201709091105194285399','admin','2017-09-30 17:29:10',NULL,'CD-YLQ000014');
INSERT INTO `tsys_menu_role` (`role_code`,`menu_code`,`updater`,`update_datetime`,`remark`,`system_code`) VALUES ('sysAdmin','SM201708232117575498751','admin','2017-09-30 17:29:10',NULL,'CD-YLQ000014');
INSERT INTO `tsys_menu_role` (`role_code`,`menu_code`,`updater`,`update_datetime`,`remark`,`system_code`) VALUES ('sysAdmin','SM201708050938371312906','admin','2017-09-30 17:29:10',NULL,'CD-YLQ000014');
INSERT INTO `tsys_menu_role` (`role_code`,`menu_code`,`updater`,`update_datetime`,`remark`,`system_code`) VALUES ('sysAdmin','SM201708071507011747619','admin','2017-09-30 17:29:10',NULL,'CD-YLQ000014');
INSERT INTO `tsys_menu_role` (`role_code`,`menu_code`,`updater`,`update_datetime`,`remark`,`system_code`) VALUES ('sysAdmin','SM201709091105488557747','admin','2017-09-30 17:29:10',NULL,'CD-YLQ000014');
INSERT INTO `tsys_menu_role` (`role_code`,`menu_code`,`updater`,`update_datetime`,`remark`,`system_code`) VALUES ('sysAdmin','SM201708241453322228980','admin','2017-09-30 17:29:10',NULL,'CD-YLQ000014');
INSERT INTO `tsys_menu_role` (`role_code`,`menu_code`,`updater`,`update_datetime`,`remark`,`system_code`) VALUES ('sysAdmin','SM201708241454242452171','admin','2017-09-30 17:29:10',NULL,'CD-YLQ000014');
INSERT INTO `tsys_menu_role` (`role_code`,`menu_code`,`updater`,`update_datetime`,`remark`,`system_code`) VALUES ('sysAdmin','SM201708241454472641153','admin','2017-09-30 17:29:10',NULL,'CD-YLQ000014');
INSERT INTO `tsys_menu_role` (`role_code`,`menu_code`,`updater`,`update_datetime`,`remark`,`system_code`) VALUES ('sysAdmin','SM201709061610053357582','admin','2017-09-30 17:29:10',NULL,'CD-YLQ000014');
INSERT INTO `tsys_menu_role` (`role_code`,`menu_code`,`updater`,`update_datetime`,`remark`,`system_code`) VALUES ('sysAdmin','SM201709061643437993325','admin','2017-09-30 17:29:10',NULL,'CD-YLQ000014');
INSERT INTO `tsys_menu_role` (`role_code`,`menu_code`,`updater`,`update_datetime`,`remark`,`system_code`) VALUES ('sysAdmin','SM201709061644123706857','admin','2017-09-30 17:29:10',NULL,'CD-YLQ000014');
INSERT INTO `tsys_menu_role` (`role_code`,`menu_code`,`updater`,`update_datetime`,`remark`,`system_code`) VALUES ('sysAdmin','SM201708071451454165989','admin','2017-09-30 17:29:10',NULL,'CD-YLQ000014');
INSERT INTO `tsys_menu_role` (`role_code`,`menu_code`,`updater`,`update_datetime`,`remark`,`system_code`) VALUES ('sysAdmin','SM201708071512012672115','admin','2017-09-30 17:29:10',NULL,'CD-YLQ000014');
INSERT INTO `tsys_menu_role` (`role_code`,`menu_code`,`updater`,`update_datetime`,`remark`,`system_code`) VALUES ('sysAdmin','SM201708171436208007438','admin','2017-09-30 17:29:10',NULL,'CD-YLQ000014');
INSERT INTO `tsys_menu_role` (`role_code`,`menu_code`,`updater`,`update_datetime`,`remark`,`system_code`) VALUES ('sysAdmin','SM201708171437432547268','admin','2017-09-30 17:29:10',NULL,'CD-YLQ000014');
INSERT INTO `tsys_menu_role` (`role_code`,`menu_code`,`updater`,`update_datetime`,`remark`,`system_code`) VALUES ('sysAdmin','SM20170912190345302315','admin','2017-09-30 17:29:10',NULL,'CD-YLQ000014');
INSERT INTO `tsys_menu_role` (`role_code`,`menu_code`,`updater`,`update_datetime`,`remark`,`system_code`) VALUES ('sysAdmin','SM20170906163351853866','admin','2017-09-30 17:29:10',NULL,'CD-YLQ000014');
INSERT INTO `tsys_menu_role` (`role_code`,`menu_code`,`updater`,`update_datetime`,`remark`,`system_code`) VALUES ('sysAdmin','SM201708171702274727044','admin','2017-09-30 17:29:10',NULL,'CD-YLQ000014');
INSERT INTO `tsys_menu_role` (`role_code`,`menu_code`,`updater`,`update_datetime`,`remark`,`system_code`) VALUES ('sysAdmin','SM201709051456374016074','admin','2017-09-30 17:29:10',NULL,'CD-YLQ000014');
INSERT INTO `tsys_menu_role` (`role_code`,`menu_code`,`updater`,`update_datetime`,`remark`,`system_code`) VALUES ('sysAdmin','SM201709061645007907662','admin','2017-09-30 17:29:10',NULL,'CD-YLQ000014');
INSERT INTO `tsys_menu_role` (`role_code`,`menu_code`,`updater`,`update_datetime`,`remark`,`system_code`) VALUES ('sysAdmin','SM201709061645248609679','admin','2017-09-30 17:29:10',NULL,'CD-YLQ000014');
INSERT INTO `tsys_menu_role` (`role_code`,`menu_code`,`updater`,`update_datetime`,`remark`,`system_code`) VALUES ('sysAdmin','SM201709072048471569273','admin','2017-09-30 17:29:10',NULL,'CD-YLQ000014');
INSERT INTO `tsys_menu_role` (`role_code`,`menu_code`,`updater`,`update_datetime`,`remark`,`system_code`) VALUES ('sysAdmin','SM201709072238341143858','admin','2017-09-30 17:29:10',NULL,'CD-YLQ000014');
INSERT INTO `tsys_menu_role` (`role_code`,`menu_code`,`updater`,`update_datetime`,`remark`,`system_code`) VALUES ('sysAdmin','SM201709061634387129503','admin','2017-09-30 17:29:10',NULL,'CD-YLQ000014');
INSERT INTO `tsys_menu_role` (`role_code`,`menu_code`,`updater`,`update_datetime`,`remark`,`system_code`) VALUES ('sysAdmin','SM20170906164554638487','admin','2017-09-30 17:29:10',NULL,'CD-YLQ000014');
INSERT INTO `tsys_menu_role` (`role_code`,`menu_code`,`updater`,`update_datetime`,`remark`,`system_code`) VALUES ('sysAdmin','SM201709061647112423950','admin','2017-09-30 17:29:10',NULL,'CD-YLQ000014');
INSERT INTO `tsys_menu_role` (`role_code`,`menu_code`,`updater`,`update_datetime`,`remark`,`system_code`) VALUES ('sysAdmin','SM201709061647339684423','admin','2017-09-30 17:29:10',NULL,'CD-YLQ000014');
INSERT INTO `tsys_menu_role` (`role_code`,`menu_code`,`updater`,`update_datetime`,`remark`,`system_code`) VALUES ('sysAdmin','SM20170807145206101437','admin','2017-09-30 17:29:10',NULL,'CD-YLQ000014');
INSERT INTO `tsys_menu_role` (`role_code`,`menu_code`,`updater`,`update_datetime`,`remark`,`system_code`) VALUES ('sysAdmin','SM201708071512256685382','admin','2017-09-30 17:29:10',NULL,'CD-YLQ000014');
INSERT INTO `tsys_menu_role` (`role_code`,`menu_code`,`updater`,`update_datetime`,`remark`,`system_code`) VALUES ('sysAdmin','SM201708161114137125273','admin','2017-09-30 17:29:10',NULL,'CD-YLQ000014');
INSERT INTO `tsys_menu_role` (`role_code`,`menu_code`,`updater`,`update_datetime`,`remark`,`system_code`) VALUES ('sysAdmin','SM201708161114401741957','admin','2017-09-30 17:29:10',NULL,'CD-YLQ000014');
INSERT INTO `tsys_menu_role` (`role_code`,`menu_code`,`updater`,`update_datetime`,`remark`,`system_code`) VALUES ('sysAdmin','SM201708161343379834734','admin','2017-09-30 17:29:10',NULL,'CD-YLQ000014');
INSERT INTO `tsys_menu_role` (`role_code`,`menu_code`,`updater`,`update_datetime`,`remark`,`system_code`) VALUES ('sysAdmin','SM201708071512479798921','admin','2017-09-30 17:29:10',NULL,'CD-YLQ000014');
INSERT INTO `tsys_menu_role` (`role_code`,`menu_code`,`updater`,`update_datetime`,`remark`,`system_code`) VALUES ('sysAdmin','SM20170816111540982883','admin','2017-09-30 17:29:10',NULL,'CD-YLQ000014');
INSERT INTO `tsys_menu_role` (`role_code`,`menu_code`,`updater`,`update_datetime`,`remark`,`system_code`) VALUES ('sysAdmin','SM201708161116139277868','admin','2017-09-30 17:29:10',NULL,'CD-YLQ000014');
INSERT INTO `tsys_menu_role` (`role_code`,`menu_code`,`updater`,`update_datetime`,`remark`,`system_code`) VALUES ('sysAdmin','SM201708161116396921918','admin','2017-09-30 17:29:10',NULL,'CD-YLQ000014');
INSERT INTO `tsys_menu_role` (`role_code`,`menu_code`,`updater`,`update_datetime`,`remark`,`system_code`) VALUES ('sysAdmin','SM201708071452439275974','admin','2017-09-30 17:29:10',NULL,'CD-YLQ000014');
INSERT INTO `tsys_menu_role` (`role_code`,`menu_code`,`updater`,`update_datetime`,`remark`,`system_code`) VALUES ('sysAdmin','SM201708071501160616280','admin','2017-09-30 17:29:10',NULL,'CD-YLQ000014');
INSERT INTO `tsys_menu_role` (`role_code`,`menu_code`,`updater`,`update_datetime`,`remark`,`system_code`) VALUES ('sysAdmin','SM201708071357128989378','admin','2017-09-30 17:29:10',NULL,'CD-YLQ000014');
INSERT INTO `tsys_menu_role` (`role_code`,`menu_code`,`updater`,`update_datetime`,`remark`,`system_code`) VALUES ('sysAdmin','SM20170817154845179227','admin','2017-09-30 17:29:10',NULL,'CD-YLQ000014');
INSERT INTO `tsys_menu_role` (`role_code`,`menu_code`,`updater`,`update_datetime`,`remark`,`system_code`) VALUES ('sysAdmin','SM201708171550048941018','admin','2017-09-30 17:29:10',NULL,'CD-YLQ000014');
INSERT INTO `tsys_menu_role` (`role_code`,`menu_code`,`updater`,`update_datetime`,`remark`,`system_code`) VALUES ('sysAdmin','SM20170822180050178936','admin','2017-09-30 17:29:10',NULL,'CD-YLQ000014');
INSERT INTO `tsys_menu_role` (`role_code`,`menu_code`,`updater`,`update_datetime`,`remark`,`system_code`) VALUES ('sysAdmin','SM20170907153458964880','admin','2017-09-30 17:29:10',NULL,'CD-YLQ000014');
INSERT INTO `tsys_menu_role` (`role_code`,`menu_code`,`updater`,`update_datetime`,`remark`,`system_code`) VALUES ('sysAdmin','SM201708231648307619561','admin','2017-09-30 17:29:10',NULL,'CD-YLQ000014');
INSERT INTO `tsys_menu_role` (`role_code`,`menu_code`,`updater`,`update_datetime`,`remark`,`system_code`) VALUES ('sysAdmin','SM201708231649104958224','admin','2017-09-30 17:29:10',NULL,'CD-YLQ000014');
INSERT INTO `tsys_menu_role` (`role_code`,`menu_code`,`updater`,`update_datetime`,`remark`,`system_code`) VALUES ('sysAdmin','SM201709061600347699783','admin','2017-09-30 17:29:10',NULL,'CD-YLQ000014');
INSERT INTO `tsys_menu_role` (`role_code`,`menu_code`,`updater`,`update_datetime`,`remark`,`system_code`) VALUES ('sysAdmin','SM201708071508058991967','admin','2017-09-30 17:29:10',NULL,'CD-YLQ000014');
INSERT INTO `tsys_menu_role` (`role_code`,`menu_code`,`updater`,`update_datetime`,`remark`,`system_code`) VALUES ('sysAdmin','SM201708111748512971755','admin','2017-09-30 17:29:10',NULL,'CD-YLQ000014');
INSERT INTO `tsys_menu_role` (`role_code`,`menu_code`,`updater`,`update_datetime`,`remark`,`system_code`) VALUES ('sysAdmin','SM20170811174916362472','admin','2017-09-30 17:29:10',NULL,'CD-YLQ000014');
INSERT INTO `tsys_menu_role` (`role_code`,`menu_code`,`updater`,`update_datetime`,`remark`,`system_code`) VALUES ('sysAdmin','SM201708111749554168986','admin','2017-09-30 17:29:10',NULL,'CD-YLQ000014');
INSERT INTO `tsys_menu_role` (`role_code`,`menu_code`,`updater`,`update_datetime`,`remark`,`system_code`) VALUES ('sysAdmin','SM201708111750176783455','admin','2017-09-30 17:29:10',NULL,'CD-YLQ000014');
INSERT INTO `tsys_menu_role` (`role_code`,`menu_code`,`updater`,`update_datetime`,`remark`,`system_code`) VALUES ('sysAdmin','SM201708111750409784736','admin','2017-09-30 17:29:10',NULL,'CD-YLQ000014');
INSERT INTO `tsys_menu_role` (`role_code`,`menu_code`,`updater`,`update_datetime`,`remark`,`system_code`) VALUES ('sysAdmin','YLQSM201600001000000001','admin','2017-09-30 17:29:10',NULL,'CD-YLQ000014');
INSERT INTO `tsys_menu_role` (`role_code`,`menu_code`,`updater`,`update_datetime`,`remark`,`system_code`) VALUES ('sysAdmin','SM201708071146218919795','admin','2017-09-30 17:29:10',NULL,'CD-YLQ000014');
INSERT INTO `tsys_menu_role` (`role_code`,`menu_code`,`updater`,`update_datetime`,`remark`,`system_code`) VALUES ('sysAdmin','SM20170807135329320738','admin','2017-09-30 17:29:10',NULL,'CD-YLQ000014');
INSERT INTO `tsys_menu_role` (`role_code`,`menu_code`,`updater`,`update_datetime`,`remark`,`system_code`) VALUES ('sysAdmin','SM201708071405342791952','admin','2017-09-30 17:29:10',NULL,'CD-YLQ000014');
INSERT INTO `tsys_menu_role` (`role_code`,`menu_code`,`updater`,`update_datetime`,`remark`,`system_code`) VALUES ('sysAdmin','SM201708071406010883237','admin','2017-09-30 17:29:10',NULL,'CD-YLQ000014');
INSERT INTO `tsys_menu_role` (`role_code`,`menu_code`,`updater`,`update_datetime`,`remark`,`system_code`) VALUES ('sysAdmin','SM201708071407469348684','admin','2017-09-30 17:29:10',NULL,'CD-YLQ000014');
INSERT INTO `tsys_menu_role` (`role_code`,`menu_code`,`updater`,`update_datetime`,`remark`,`system_code`) VALUES ('sysAdmin','SM201708091124302986006','admin','2017-09-30 17:29:10',NULL,'CD-YLQ000014');
INSERT INTO `tsys_menu_role` (`role_code`,`menu_code`,`updater`,`update_datetime`,`remark`,`system_code`) VALUES ('sysAdmin','SM201708071354294834594','admin','2017-09-30 17:29:10',NULL,'CD-YLQ000014');
INSERT INTO `tsys_menu_role` (`role_code`,`menu_code`,`updater`,`update_datetime`,`remark`,`system_code`) VALUES ('sysAdmin','SM201708071146484282769','admin','2017-09-30 17:29:10',NULL,'CD-YLQ000014');
INSERT INTO `tsys_menu_role` (`role_code`,`menu_code`,`updater`,`update_datetime`,`remark`,`system_code`) VALUES ('sysAdmin','SM201708071355289904791','admin','2017-09-30 17:29:10',NULL,'CD-YLQ000014');
INSERT INTO `tsys_menu_role` (`role_code`,`menu_code`,`updater`,`update_datetime`,`remark`,`system_code`) VALUES ('sysAdmin','SM201708182237428263004','admin','2017-09-30 17:29:10',NULL,'CD-YLQ000014');
INSERT INTO `tsys_menu_role` (`role_code`,`menu_code`,`updater`,`update_datetime`,`remark`,`system_code`) VALUES ('sysAdmin','SM201708071356054479020','admin','2017-09-30 17:29:10',NULL,'CD-YLQ000014');
INSERT INTO `tsys_menu_role` (`role_code`,`menu_code`,`updater`,`update_datetime`,`remark`,`system_code`) VALUES ('sysAdmin','SM20170818223805070243','admin','2017-09-30 17:29:10',NULL,'CD-YLQ000014');
INSERT INTO `tsys_menu_role` (`role_code`,`menu_code`,`updater`,`update_datetime`,`remark`,`system_code`) VALUES ('sysAdmin','SM201709301726521467138','admin','2017-09-30 17:29:10',NULL,'CD-YLQ000014');
INSERT INTO `tsys_menu_role` (`role_code`,`menu_code`,`updater`,`update_datetime`,`remark`,`system_code`) VALUES ('sysAdmin','SM201709301727035194747','admin','2017-09-30 17:29:10',NULL,'CD-YLQ000014');
INSERT INTO `tsys_menu_role` (`role_code`,`menu_code`,`updater`,`update_datetime`,`remark`,`system_code`) VALUES ('sysAdmin','YLQSM2016101716290657836','admin','2017-09-30 17:29:10',NULL,'CD-YLQ000014');
INSERT INTO `tsys_menu_role` (`role_code`,`menu_code`,`updater`,`update_datetime`,`remark`,`system_code`) VALUES ('sysAdmin','YLQSM2016101719140087629','admin','2017-09-30 17:29:10',NULL,'CD-YLQ000014');
INSERT INTO `tsys_menu_role` (`role_code`,`menu_code`,`updater`,`update_datetime`,`remark`,`system_code`) VALUES ('sysAdmin','YLQSM201600001000000002','admin','2017-09-30 17:29:10',NULL,'CD-YLQ000014');
INSERT INTO `tsys_menu_role` (`role_code`,`menu_code`,`updater`,`update_datetime`,`remark`,`system_code`) VALUES ('sysAdmin','YLQSM201600001000000003','admin','2017-09-30 17:29:10',NULL,'CD-YLQ000014');
INSERT INTO `tsys_menu_role` (`role_code`,`menu_code`,`updater`,`update_datetime`,`remark`,`system_code`) VALUES ('sysAdmin','YLQSM201600001000000004','admin','2017-09-30 17:29:10',NULL,'CD-YLQ000014');
INSERT INTO `tsys_menu_role` (`role_code`,`menu_code`,`updater`,`update_datetime`,`remark`,`system_code`) VALUES ('sysAdmin','YLQSM2017032911200961325','admin','2017-09-30 17:29:10',NULL,'CD-YLQ000014');
INSERT INTO `tsys_menu_role` (`role_code`,`menu_code`,`updater`,`update_datetime`,`remark`,`system_code`) VALUES ('sysAdmin','YLQSM2016101716295904680','admin','2017-09-30 17:29:10',NULL,'CD-YLQ000014');
INSERT INTO `tsys_menu_role` (`role_code`,`menu_code`,`updater`,`update_datetime`,`remark`,`system_code`) VALUES ('sysAdmin','YLQSM2016101719143965297','admin','2017-09-30 17:29:10',NULL,'CD-YLQ000014');
INSERT INTO `tsys_menu_role` (`role_code`,`menu_code`,`updater`,`update_datetime`,`remark`,`system_code`) VALUES ('sysAdmin','YLQSM2016101716241339082','admin','2017-09-30 17:29:10',NULL,'CD-YLQ000014');
INSERT INTO `tsys_menu_role` (`role_code`,`menu_code`,`updater`,`update_datetime`,`remark`,`system_code`) VALUES ('sysAdmin','YLQSM2016101716253866426','admin','2017-09-30 17:29:10',NULL,'CD-YLQ000014');
INSERT INTO `tsys_menu_role` (`role_code`,`menu_code`,`updater`,`update_datetime`,`remark`,`system_code`) VALUES ('sysAdmin','YLQSM2016101716450533995','admin','2017-09-30 17:29:10',NULL,'CD-YLQ000014');
INSERT INTO `tsys_menu_role` (`role_code`,`menu_code`,`updater`,`update_datetime`,`remark`,`system_code`) VALUES ('sysAdmin','YLQSM2016101717551955993','admin','2017-09-30 17:29:10',NULL,'CD-YLQ000014');
INSERT INTO `tsys_menu_role` (`role_code`,`menu_code`,`updater`,`update_datetime`,`remark`,`system_code`) VALUES ('sysAdmin','YLQSM2016101717560118734','admin','2017-09-30 17:29:10',NULL,'CD-YLQ000014');
INSERT INTO `tsys_menu_role` (`role_code`,`menu_code`,`updater`,`update_datetime`,`remark`,`system_code`) VALUES ('sysAdmin','YLQSM2016101717563661357','admin','2017-09-30 17:29:10',NULL,'CD-YLQ000014');
INSERT INTO `tsys_menu_role` (`role_code`,`menu_code`,`updater`,`update_datetime`,`remark`,`system_code`) VALUES ('sysAdmin','YLQSM2016101716261754674','admin','2017-09-30 17:29:10',NULL,'CD-YLQ000014');
INSERT INTO `tsys_menu_role` (`role_code`,`menu_code`,`updater`,`update_datetime`,`remark`,`system_code`) VALUES ('sysAdmin','YLQSM2016101719082391126','admin','2017-09-30 17:29:10',NULL,'CD-YLQ000014');
INSERT INTO `tsys_menu_role` (`role_code`,`menu_code`,`updater`,`update_datetime`,`remark`,`system_code`) VALUES ('sysAdmin','YLQSM2016101719094151894','admin','2017-09-30 17:29:10',NULL,'CD-YLQ000014');
INSERT INTO `tsys_menu_role` (`role_code`,`menu_code`,`updater`,`update_datetime`,`remark`,`system_code`) VALUES ('sysAdmin','YLQSM2016101719100760088','admin','2017-09-30 17:29:10',NULL,'CD-YLQ000014');
INSERT INTO `tsys_menu_role` (`role_code`,`menu_code`,`updater`,`update_datetime`,`remark`,`system_code`) VALUES ('sysAdmin','YLQSM2016101719110981215','admin','2017-09-30 17:29:10',NULL,'CD-YLQ000014');
INSERT INTO `tsys_menu_role` (`role_code`,`menu_code`,`updater`,`update_datetime`,`remark`,`system_code`) VALUES ('sysAdmin','YLQSM2016120610552303416','admin','2017-09-30 17:29:10',NULL,'CD-YLQ000014');
INSERT INTO `tsys_menu_role` (`role_code`,`menu_code`,`updater`,`update_datetime`,`remark`,`system_code`) VALUES ('jzbCheck','YLQSM201600000000000000','admin','2017-10-16 15:41:23',NULL,'CD-YLQ000014');
INSERT INTO `tsys_menu_role` (`role_code`,`menu_code`,`updater`,`update_datetime`,`remark`,`system_code`) VALUES ('jzbCheck','SM201707261741263791893','admin','2017-10-16 15:41:23',NULL,'CD-YLQ000014');
INSERT INTO `tsys_menu_role` (`role_code`,`menu_code`,`updater`,`update_datetime`,`remark`,`system_code`) VALUES ('jzbCheck','SM201707261747250339518','admin','2017-10-16 15:41:23',NULL,'CD-YLQ000014');
INSERT INTO `tsys_menu_role` (`role_code`,`menu_code`,`updater`,`update_datetime`,`remark`,`system_code`) VALUES ('jzbCheck','SM201708071507268774905','admin','2017-10-16 15:41:23',NULL,'CD-YLQ000014');
INSERT INTO `tsys_menu_role` (`role_code`,`menu_code`,`updater`,`update_datetime`,`remark`,`system_code`) VALUES ('jzbCheck','SM201708122156387433834','admin','2017-10-16 15:41:23',NULL,'CD-YLQ000014');
INSERT INTO `tsys_menu_role` (`role_code`,`menu_code`,`updater`,`update_datetime`,`remark`,`system_code`) VALUES ('jzbCheck','SM201709071533572994472','admin','2017-10-16 15:41:23',NULL,'CD-YLQ000014');
INSERT INTO `tsys_menu_role` (`role_code`,`menu_code`,`updater`,`update_datetime`,`remark`,`system_code`) VALUES ('jzbCheck','SM201709071534339413916','admin','2017-10-16 15:41:23',NULL,'CD-YLQ000014');
INSERT INTO `tsys_menu_role` (`role_code`,`menu_code`,`updater`,`update_datetime`,`remark`,`system_code`) VALUES ('jzbCheck','SM201708231950576596223','admin','2017-10-16 15:41:23',NULL,'CD-YLQ000014');
INSERT INTO `tsys_menu_role` (`role_code`,`menu_code`,`updater`,`update_datetime`,`remark`,`system_code`) VALUES ('jzbCheck','SM20170823195259044857','admin','2017-10-16 15:41:23',NULL,'CD-YLQ000014');
INSERT INTO `tsys_menu_role` (`role_code`,`menu_code`,`updater`,`update_datetime`,`remark`,`system_code`) VALUES ('jzbCheck','SM201709081146091358854','admin','2017-10-16 15:41:23',NULL,'CD-YLQ000014');
INSERT INTO `tsys_menu_role` (`role_code`,`menu_code`,`updater`,`update_datetime`,`remark`,`system_code`) VALUES ('jzbCheck','SM201709071659128803343','admin','2017-10-16 15:41:23',NULL,'CD-YLQ000014');
INSERT INTO `tsys_menu_role` (`role_code`,`menu_code`,`updater`,`update_datetime`,`remark`,`system_code`) VALUES ('jzbCheck','SM201709071700146864602','admin','2017-10-16 15:41:23',NULL,'CD-YLQ000014');
INSERT INTO `tsys_menu_role` (`role_code`,`menu_code`,`updater`,`update_datetime`,`remark`,`system_code`) VALUES ('jzbCheck','SM201709081146366074462','admin','2017-10-16 15:41:23',NULL,'CD-YLQ000014');
INSERT INTO `tsys_menu_role` (`role_code`,`menu_code`,`updater`,`update_datetime`,`remark`,`system_code`) VALUES ('jzbCheck','SM201707261747450824730','admin','2017-10-16 15:41:23',NULL,'CD-YLQ000014');
INSERT INTO `tsys_menu_role` (`role_code`,`menu_code`,`updater`,`update_datetime`,`remark`,`system_code`) VALUES ('jzbCheck','SM201708071412042227977','admin','2017-10-16 15:41:23',NULL,'CD-YLQ000014');
INSERT INTO `tsys_menu_role` (`role_code`,`menu_code`,`updater`,`update_datetime`,`remark`,`system_code`) VALUES ('jzbCheck','SM201708071412251077022','admin','2017-10-16 15:41:23',NULL,'CD-YLQ000014');
INSERT INTO `tsys_menu_role` (`role_code`,`menu_code`,`updater`,`update_datetime`,`remark`,`system_code`) VALUES ('jzbCheck','SM201708071415131876278','admin','2017-10-16 15:41:23',NULL,'CD-YLQ000014');
INSERT INTO `tsys_menu_role` (`role_code`,`menu_code`,`updater`,`update_datetime`,`remark`,`system_code`) VALUES ('jzbCheck','SM201708071508282156023','admin','2017-10-16 15:41:23',NULL,'CD-YLQ000014');
INSERT INTO `tsys_menu_role` (`role_code`,`menu_code`,`updater`,`update_datetime`,`remark`,`system_code`) VALUES ('jzbCheck','SM201708171117018936918','admin','2017-10-16 15:41:23',NULL,'CD-YLQ000014');
INSERT INTO `tsys_menu_role` (`role_code`,`menu_code`,`updater`,`update_datetime`,`remark`,`system_code`) VALUES ('jzbCheck','SM20170817111734833646','admin','2017-10-16 15:41:23',NULL,'CD-YLQ000014');
INSERT INTO `tsys_menu_role` (`role_code`,`menu_code`,`updater`,`update_datetime`,`remark`,`system_code`) VALUES ('jzbCheck','SM201708171435014109013','admin','2017-10-16 15:41:23',NULL,'CD-YLQ000014');
INSERT INTO `tsys_menu_role` (`role_code`,`menu_code`,`updater`,`update_datetime`,`remark`,`system_code`) VALUES ('jzbCheck','SM201708071508534869053','admin','2017-10-16 15:41:23',NULL,'CD-YLQ000014');
INSERT INTO `tsys_menu_role` (`role_code`,`menu_code`,`updater`,`update_datetime`,`remark`,`system_code`) VALUES ('jzbCheck','SM20170817143532126439','admin','2017-10-16 15:41:23',NULL,'CD-YLQ000014');
INSERT INTO `tsys_menu_role` (`role_code`,`menu_code`,`updater`,`update_datetime`,`remark`,`system_code`) VALUES ('jzbCheck','SM201708171436540626776','admin','2017-10-16 15:41:23',NULL,'CD-YLQ000014');
INSERT INTO `tsys_menu_role` (`role_code`,`menu_code`,`updater`,`update_datetime`,`remark`,`system_code`) VALUES ('jzbCheck','SM201709072209524842524','admin','2017-10-16 15:41:23',NULL,'CD-YLQ000014');
INSERT INTO `tsys_menu_role` (`role_code`,`menu_code`,`updater`,`update_datetime`,`remark`,`system_code`) VALUES ('jzbCheck','SM201708121352107968730','admin','2017-10-16 15:41:23',NULL,'CD-YLQ000014');
INSERT INTO `tsys_menu_role` (`role_code`,`menu_code`,`updater`,`update_datetime`,`remark`,`system_code`) VALUES ('jzbCheck','SM201708071450049267108','admin','2017-10-16 15:41:23',NULL,'CD-YLQ000014');
INSERT INTO `tsys_menu_role` (`role_code`,`menu_code`,`updater`,`update_datetime`,`remark`,`system_code`) VALUES ('jzbCheck','SM201708071450464839683','admin','2017-10-16 15:41:23',NULL,'CD-YLQ000014');
INSERT INTO `tsys_menu_role` (`role_code`,`menu_code`,`updater`,`update_datetime`,`remark`,`system_code`) VALUES ('jzbCheck','SM201708122157282325744','admin','2017-10-16 15:41:23',NULL,'CD-YLQ000014');
INSERT INTO `tsys_menu_role` (`role_code`,`menu_code`,`updater`,`update_datetime`,`remark`,`system_code`) VALUES ('jzbCheck','SM201709061516339571200','admin','2017-10-16 15:41:23',NULL,'CD-YLQ000014');
INSERT INTO `tsys_menu_role` (`role_code`,`menu_code`,`updater`,`update_datetime`,`remark`,`system_code`) VALUES ('jzbCheck','SM201709200658553691986','admin','2017-10-16 15:41:23',NULL,'CD-YLQ000014');
INSERT INTO `tsys_menu_role` (`role_code`,`menu_code`,`updater`,`update_datetime`,`remark`,`system_code`) VALUES ('jzbCheck','SM201709200705597256865','admin','2017-10-16 15:41:23',NULL,'CD-YLQ000014');
INSERT INTO `tsys_menu_role` (`role_code`,`menu_code`,`updater`,`update_datetime`,`remark`,`system_code`) VALUES ('jzbCheck','SM20170817190200294878','admin','2017-10-16 15:41:23',NULL,'CD-YLQ000014');
INSERT INTO `tsys_menu_role` (`role_code`,`menu_code`,`updater`,`update_datetime`,`remark`,`system_code`) VALUES ('jzbCheck','SM20170817190225126189','admin','2017-10-16 15:41:23',NULL,'CD-YLQ000014');
INSERT INTO `tsys_menu_role` (`role_code`,`menu_code`,`updater`,`update_datetime`,`remark`,`system_code`) VALUES ('jzbCheck','SM201708171902547796589','admin','2017-10-16 15:41:23',NULL,'CD-YLQ000014');
INSERT INTO `tsys_menu_role` (`role_code`,`menu_code`,`updater`,`update_datetime`,`remark`,`system_code`) VALUES ('jzbCheck','SM201708221731395824621','admin','2017-10-16 15:41:23',NULL,'CD-YLQ000014');
INSERT INTO `tsys_menu_role` (`role_code`,`menu_code`,`updater`,`update_datetime`,`remark`,`system_code`) VALUES ('jzbCheck','SM201708232117356419291','admin','2017-10-16 15:41:23',NULL,'CD-YLQ000014');
INSERT INTO `tsys_menu_role` (`role_code`,`menu_code`,`updater`,`update_datetime`,`remark`,`system_code`) VALUES ('jzbCheck','SM20170807114715900667','admin','2017-10-16 15:41:23',NULL,'CD-YLQ000014');
INSERT INTO `tsys_menu_role` (`role_code`,`menu_code`,`updater`,`update_datetime`,`remark`,`system_code`) VALUES ('jzbCheck','SM201708071445429053500','admin','2017-10-16 15:41:23',NULL,'CD-YLQ000014');
INSERT INTO `tsys_menu_role` (`role_code`,`menu_code`,`updater`,`update_datetime`,`remark`,`system_code`) VALUES ('jzbCheck','SM201709091105194285399','admin','2017-10-16 15:41:23',NULL,'CD-YLQ000014');
INSERT INTO `tsys_menu_role` (`role_code`,`menu_code`,`updater`,`update_datetime`,`remark`,`system_code`) VALUES ('jzbCheck','SM201708232117575498751','admin','2017-10-16 15:41:23',NULL,'CD-YLQ000014');
INSERT INTO `tsys_menu_role` (`role_code`,`menu_code`,`updater`,`update_datetime`,`remark`,`system_code`) VALUES ('jzbCheck','SM201708050938371312906','admin','2017-10-16 15:41:23',NULL,'CD-YLQ000014');
INSERT INTO `tsys_menu_role` (`role_code`,`menu_code`,`updater`,`update_datetime`,`remark`,`system_code`) VALUES ('jzbCheck','SM201708071507011747619','admin','2017-10-16 15:41:23',NULL,'CD-YLQ000014');
INSERT INTO `tsys_menu_role` (`role_code`,`menu_code`,`updater`,`update_datetime`,`remark`,`system_code`) VALUES ('jzbCheck','SM201709091105488557747','admin','2017-10-16 15:41:23',NULL,'CD-YLQ000014');
INSERT INTO `tsys_menu_role` (`role_code`,`menu_code`,`updater`,`update_datetime`,`remark`,`system_code`) VALUES ('jzbCheck','SM201708241453322228980','admin','2017-10-16 15:41:23',NULL,'CD-YLQ000014');
INSERT INTO `tsys_menu_role` (`role_code`,`menu_code`,`updater`,`update_datetime`,`remark`,`system_code`) VALUES ('jzbCheck','SM201708241454242452171','admin','2017-10-16 15:41:23',NULL,'CD-YLQ000014');
INSERT INTO `tsys_menu_role` (`role_code`,`menu_code`,`updater`,`update_datetime`,`remark`,`system_code`) VALUES ('jzbCheck','SM201708241454472641153','admin','2017-10-16 15:41:23',NULL,'CD-YLQ000014');
INSERT INTO `tsys_menu_role` (`role_code`,`menu_code`,`updater`,`update_datetime`,`remark`,`system_code`) VALUES ('jzbCheck','SM201709061610053357582','admin','2017-10-16 15:41:23',NULL,'CD-YLQ000014');
INSERT INTO `tsys_menu_role` (`role_code`,`menu_code`,`updater`,`update_datetime`,`remark`,`system_code`) VALUES ('jzbCheck','SM201709061643437993325','admin','2017-10-16 15:41:23',NULL,'CD-YLQ000014');
INSERT INTO `tsys_menu_role` (`role_code`,`menu_code`,`updater`,`update_datetime`,`remark`,`system_code`) VALUES ('jzbCheck','SM201709061644123706857','admin','2017-10-16 15:41:23',NULL,'CD-YLQ000014');
INSERT INTO `tsys_menu_role` (`role_code`,`menu_code`,`updater`,`update_datetime`,`remark`,`system_code`) VALUES ('jzbCheck','SM201708071451454165989','admin','2017-10-16 15:41:23',NULL,'CD-YLQ000014');
INSERT INTO `tsys_menu_role` (`role_code`,`menu_code`,`updater`,`update_datetime`,`remark`,`system_code`) VALUES ('jzbCheck','SM201708071511351107502','admin','2017-10-16 15:41:23',NULL,'CD-YLQ000014');
INSERT INTO `tsys_menu_role` (`role_code`,`menu_code`,`updater`,`update_datetime`,`remark`,`system_code`) VALUES ('jzbCheck','SM201708171435571187682','admin','2017-10-16 15:41:23',NULL,'CD-YLQ000014');
INSERT INTO `tsys_menu_role` (`role_code`,`menu_code`,`updater`,`update_datetime`,`remark`,`system_code`) VALUES ('jzbCheck','SM2017081714371781556','admin','2017-10-16 15:41:23',NULL,'CD-YLQ000014');
INSERT INTO `tsys_menu_role` (`role_code`,`menu_code`,`updater`,`update_datetime`,`remark`,`system_code`) VALUES ('jzbCheck','SM201708071512012672115','admin','2017-10-16 15:41:23',NULL,'CD-YLQ000014');
INSERT INTO `tsys_menu_role` (`role_code`,`menu_code`,`updater`,`update_datetime`,`remark`,`system_code`) VALUES ('jzbCheck','SM201708171436208007438','admin','2017-10-16 15:41:23',NULL,'CD-YLQ000014');
INSERT INTO `tsys_menu_role` (`role_code`,`menu_code`,`updater`,`update_datetime`,`remark`,`system_code`) VALUES ('jzbCheck','SM201708171437432547268','admin','2017-10-16 15:41:23',NULL,'CD-YLQ000014');
INSERT INTO `tsys_menu_role` (`role_code`,`menu_code`,`updater`,`update_datetime`,`remark`,`system_code`) VALUES ('jzbCheck','SM20170912190345302315','admin','2017-10-16 15:41:23',NULL,'CD-YLQ000014');
INSERT INTO `tsys_menu_role` (`role_code`,`menu_code`,`updater`,`update_datetime`,`remark`,`system_code`) VALUES ('jzbCheck','SM20170906163351853866','admin','2017-10-16 15:41:23',NULL,'CD-YLQ000014');
INSERT INTO `tsys_menu_role` (`role_code`,`menu_code`,`updater`,`update_datetime`,`remark`,`system_code`) VALUES ('jzbCheck','SM201708171702274727044','admin','2017-10-16 15:41:23',NULL,'CD-YLQ000014');
INSERT INTO `tsys_menu_role` (`role_code`,`menu_code`,`updater`,`update_datetime`,`remark`,`system_code`) VALUES ('jzbCheck','SM201709051456374016074','admin','2017-10-16 15:41:23',NULL,'CD-YLQ000014');
INSERT INTO `tsys_menu_role` (`role_code`,`menu_code`,`updater`,`update_datetime`,`remark`,`system_code`) VALUES ('jzbCheck','SM201709061645007907662','admin','2017-10-16 15:41:23',NULL,'CD-YLQ000014');
INSERT INTO `tsys_menu_role` (`role_code`,`menu_code`,`updater`,`update_datetime`,`remark`,`system_code`) VALUES ('jzbCheck','SM201709061645248609679','admin','2017-10-16 15:41:23',NULL,'CD-YLQ000014');
INSERT INTO `tsys_menu_role` (`role_code`,`menu_code`,`updater`,`update_datetime`,`remark`,`system_code`) VALUES ('jzbCheck','SM201709072048471569273','admin','2017-10-16 15:41:23',NULL,'CD-YLQ000014');
INSERT INTO `tsys_menu_role` (`role_code`,`menu_code`,`updater`,`update_datetime`,`remark`,`system_code`) VALUES ('jzbCheck','SM201709072238341143858','admin','2017-10-16 15:41:23',NULL,'CD-YLQ000014');
INSERT INTO `tsys_menu_role` (`role_code`,`menu_code`,`updater`,`update_datetime`,`remark`,`system_code`) VALUES ('jzbCheck','SM201709061634387129503','admin','2017-10-16 15:41:23',NULL,'CD-YLQ000014');
INSERT INTO `tsys_menu_role` (`role_code`,`menu_code`,`updater`,`update_datetime`,`remark`,`system_code`) VALUES ('jzbCheck','SM20170906164554638487','admin','2017-10-16 15:41:23',NULL,'CD-YLQ000014');
INSERT INTO `tsys_menu_role` (`role_code`,`menu_code`,`updater`,`update_datetime`,`remark`,`system_code`) VALUES ('jzbCheck','SM201709061647112423950','admin','2017-10-16 15:41:23',NULL,'CD-YLQ000014');
INSERT INTO `tsys_menu_role` (`role_code`,`menu_code`,`updater`,`update_datetime`,`remark`,`system_code`) VALUES ('jzbCheck','SM201709061647339684423','admin','2017-10-16 15:41:23',NULL,'CD-YLQ000014');



/*
-- Query: select `system_code`, `type`, `parent_key`, `dkey`, `dvalue`, `updater`,now() as `update_datetime`, `remark` from tsys_dict
LIMIT 0, 10000

-- Date: 2017-03-09 16:16
*/

INSERT INTO `tsys_dict` (`type`,`parent_key`,`dkey`,`dvalue`,`updater`,`update_datetime`,`remark`,`system_code`) VALUES ('0',NULL,'user_status','用户状态','admin',now(),NULL,'CD-YLQ000014');
INSERT INTO `tsys_dict` (`type`,`parent_key`,`dkey`,`dvalue`,`updater`,`update_datetime`,`remark`,`system_code`) VALUES ('1','user_status','0','正常','admin',now(),NULL,'CD-YLQ000014');
INSERT INTO `tsys_dict` (`type`,`parent_key`,`dkey`,`dvalue`,`updater`,`update_datetime`,`remark`,`system_code`) VALUES ('1','user_status','1','程序锁定','admin',now(),NULL,'CD-YLQ000014');
INSERT INTO `tsys_dict` (`type`,`parent_key`,`dkey`,`dvalue`,`updater`,`update_datetime`,`remark`,`system_code`) VALUES ('1','user_status','2','人工锁定','admin',now(),NULL,'CD-YLQ000014');

INSERT INTO `tsys_dict` (`type`,`parent_key`,`dkey`,`dvalue`,`updater`,`update_datetime`,`remark`,`system_code`) VALUES ('0',NULL,'mobile_modify_status','手机修改申请状态','admin',now(),NULL,'CD-YLQ000014');
INSERT INTO `tsys_dict` (`type`,`parent_key`,`dkey`,`dvalue`,`updater`,`update_datetime`,`remark`,`system_code`) VALUES ('1','mobile_modify_status','0','待审核','admin',now(),NULL,'CD-YLQ000014');
INSERT INTO `tsys_dict` (`type`,`parent_key`,`dkey`,`dvalue`,`updater`,`update_datetime`,`remark`,`system_code`) VALUES ('1','mobile_modify_status','1','审核通过','admin',now(),NULL,'CD-YLQ000014');
INSERT INTO `tsys_dict` (`type`,`parent_key`,`dkey`,`dvalue`,`updater`,`update_datetime`,`remark`,`system_code`) VALUES ('1','mobile_modify_status','2','审核不通过','admin',now(),NULL,'CD-YLQ000014');

INSERT INTO `tsys_dict` (`type`,`parent_key`,`dkey`,`dvalue`,`updater`,`update_datetime`,`remark`,`system_code`) VALUES ('0',NULL,'blacklist_status','黑名单状态','admin',now(),NULL,'CD-YLQ000014');
INSERT INTO `tsys_dict` (`type`,`parent_key`,`dkey`,`dvalue`,`updater`,`update_datetime`,`remark`,`system_code`) VALUES ('1','blacklist_status','0','已移除','admin',now(),NULL,'CD-YLQ000014');
INSERT INTO `tsys_dict` (`type`,`parent_key`,`dkey`,`dvalue`,`updater`,`update_datetime`,`remark`,`system_code`) VALUES ('1','blacklist_status','1','生效中','admin',now(),NULL,'CD-YLQ000014');

INSERT INTO `tsys_dict` (`type`,`parent_key`,`dkey`,`dvalue`,`updater`,`update_datetime`,`remark`,`system_code`) VALUES ('0',NULL,'id_kind','证件类型','admin',now(),NULL,'CD-YLQ000014');
INSERT INTO `tsys_dict` (`type`,`parent_key`,`dkey`,`dvalue`,`updater`,`update_datetime`,`remark`,`system_code`) VALUES ('1','id_kind','1','身份证','admin',now(),NULL,'CD-YLQ000014');

INSERT INTO `tsys_dict` (`type`,`parent_key`,`dkey`,`dvalue`,`updater`,`update_datetime`,`remark`,`system_code`) VALUES ('0',NULL,'role_level','角色等级','admin',now(),NULL,'CD-YLQ000014');
INSERT INTO `tsys_dict` (`type`,`parent_key`,`dkey`,`dvalue`,`updater`,`update_datetime`,`remark`,`system_code`) VALUES ('1','role_level','1','运维','admin',now(),NULL,'CD-YLQ000014');
INSERT INTO `tsys_dict` (`type`,`parent_key`,`dkey`,`dvalue`,`updater`,`update_datetime`,`remark`,`system_code`) VALUES ('1','role_level','2','运营','admin',now(),NULL,'CD-YLQ000014');
INSERT INTO `tsys_dict` (`type`,`parent_key`,`dkey`,`dvalue`,`updater`,`update_datetime`,`remark`,`system_code`) VALUES ('1','role_level','3','客户','admin',now(),NULL,'CD-YLQ000014');

INSERT INTO `tsys_dict` (`type`,`parent_key`,`dkey`,`dvalue`,`updater`,`update_datetime`,`remark`,`system_code`) VALUES ('0',NULL,'res_type','资源类型','admin',now(),NULL,'CD-YLQ000014');
INSERT INTO `tsys_dict` (`type`,`parent_key`,`dkey`,`dvalue`,`updater`,`update_datetime`,`remark`,`system_code`) VALUES ('1','res_type','1','菜单','admin',now(),NULL,'CD-YLQ000014');
INSERT INTO `tsys_dict` (`type`,`parent_key`,`dkey`,`dvalue`,`updater`,`update_datetime`,`remark`,`system_code`) VALUES ('1','res_type','2','按钮','admin',now(),NULL,'CD-YLQ000014');

INSERT INTO `tsys_dict` (`type`,`parent_key`,`dkey`,`dvalue`,`updater`,`update_datetime`,`remark`,`system_code`) VALUES ('0',NULL,'lock_direction','锁定方向','admin',now(),NULL,'CD-YLQ000014');
INSERT INTO `tsys_dict` (`type`,`parent_key`,`dkey`,`dvalue`,`updater`,`update_datetime`,`remark`,`system_code`) VALUES ('1','lock_direction','1','锁定','admin',now(),NULL,'CD-YLQ000014');
INSERT INTO `tsys_dict` (`type`,`parent_key`,`dkey`,`dvalue`,`updater`,`update_datetime`,`remark`,`system_code`) VALUES ('1','lock_direction','2','解锁','admin',now(),NULL,'CD-YLQ000014');

INSERT INTO `tsys_dict` (`type`,`parent_key`,`dkey`,`dvalue`,`updater`,`update_datetime`,`remark`,`system_code`) VALUES ('0',NULL,'news_status','信息状态','admin',now(),NULL,'CD-YLQ000014');
INSERT INTO `tsys_dict` (`type`,`parent_key`,`dkey`,`dvalue`,`updater`,`update_datetime`,`remark`,`system_code`) VALUES ('1','news_status','0','待发送','admin',now(),NULL,'CD-YLQ000014');
INSERT INTO `tsys_dict` (`type`,`parent_key`,`dkey`,`dvalue`,`updater`,`update_datetime`,`remark`,`system_code`) VALUES ('1','news_status','1','已发送','admin',now(),NULL,'CD-YLQ000014');
INSERT INTO `tsys_dict` (`type`,`parent_key`,`dkey`,`dvalue`,`updater`,`update_datetime`,`remark`,`system_code`) VALUES ('1','news_status','2','发送失败','admin',now(),NULL,'CD-YLQ000014');

INSERT INTO `tsys_dict` (`type`,`parent_key`,`dkey`,`dvalue`,`updater`,`update_datetime`,`remark`,`system_code`) VALUES ('0',NULL,'user_kind','针对人群','admin',now(),NULL,'CD-YLQ000014');
INSERT INTO `tsys_dict` (`type`,`parent_key`,`dkey`,`dvalue`,`updater`,`update_datetime`,`remark`,`system_code`) VALUES ('1','user_kind','1','C端用户','admin',now(),NULL,'CD-YLQ000014');

INSERT INTO `tsys_dict` (`type`,`parent_key`,`dkey`,`dvalue`,`updater`,`update_datetime`,`remark`,`system_code`) VALUES ('0',NULL,'notice_status','公告状态','admin',now(),NULL,'CD-YLQ000014');
INSERT INTO `tsys_dict` (`type`,`parent_key`,`dkey`,`dvalue`,`updater`,`update_datetime`,`remark`,`system_code`) VALUES ('1','notice_status','0','未发布','admin',now(),NULL,'CD-YLQ000014');
INSERT INTO `tsys_dict` (`type`,`parent_key`,`dkey`,`dvalue`,`updater`,`update_datetime`,`remark`,`system_code`) VALUES ('1','notice_status','1','已发布','admin',now(),NULL,'CD-YLQ000014');
INSERT INTO `tsys_dict` (`type`,`parent_key`,`dkey`,`dvalue`,`updater`,`update_datetime`,`remark`,`system_code`) VALUES ('1','notice_status','2','已下架','admin',now(),NULL,'CD-YLQ000014');